x-axis,1,2
second,Volt,Volt
-4.998000E-03,+48.128639E-03,-337.959879E-03
-4.993000E-03,+46.231155E-03,-611.005165E-03
-4.988000E-03,+45.571909E-03,-657.316576E-03
-4.983000E-03,+48.193000E-03,-677.417078E-03
-4.978000E-03,+46.231155E-03,-665.034707E-03
-4.973000E-03,+47.726576E-03,-677.417078E-03
-4.968000E-03,+46.231155E-03,-677.417078E-03
-4.963000E-03,+46.231155E-03,-677.417078E-03
-4.958000E-03,+46.231155E-03,-680.955648E-03
-4.953000E-03,+47.871455E-03,-693.820075E-03
-4.948000E-03,+47.324513E-03,-677.417078E-03
-4.943000E-03,+48.048121E-03,-677.417078E-03
-4.938000E-03,+46.761678E-03,-682.722309E-03
-4.933000E-03,+46.987075E-03,-697.517580E-03
-4.928000E-03,+46.231155E-03,-697.517580E-03
-4.923000E-03,+46.231155E-03,-697.517580E-03
-4.918000E-03,+47.646058E-03,-697.517580E-03
-4.913000E-03,+48.112745E-03,-698.802186E-03
-4.908000E-03,+47.083223E-03,-709.097401E-03
-4.903000E-03,+46.231155E-03,-701.861325E-03
-4.898000E-03,+47.951972E-03,-697.517580E-03
-4.893000E-03,+47.228365E-03,-707.489676E-03
-4.888000E-03,+48.241206E-03,-717.618083E-03
-4.883000E-03,+46.231155E-03,-717.618083E-03
-4.878000E-03,+46.231155E-03,-705.881951E-03
-4.873000E-03,+48.128376E-03,-717.618083E-03
-4.868000E-03,+46.841933E-03,-717.618083E-03
-4.863000E-03,+46.906820E-03,-717.618083E-03
-4.858000E-03,+46.279098E-03,-697.997011E-03
-4.853000E-03,+47.002706E-03,-717.618083E-03
-4.848000E-03,+48.241206E-03,-712.469163E-03
-4.843000E-03,+46.439871E-03,-699.604736E-03
-4.838000E-03,+47.163478E-03,-717.618083E-03
-4.833000E-03,+47.887086E-03,-717.618083E-03
-4.828000E-03,+46.231155E-03,-701.212462E-03
-4.823000E-03,+47.324251E-03,-717.618083E-03
-4.818000E-03,+48.047859E-03,-717.618083E-03
-4.813000E-03,+46.761416E-03,-717.618083E-03
-4.808000E-03,+47.485024E-03,-717.618083E-03
-4.803000E-03,+46.231155E-03,-717.618083E-03
-4.798000E-03,+46.922188E-03,-724.528415E-03
-4.793000E-03,+47.645796E-03,-725.810396E-03
-4.788000E-03,+46.231155E-03,-717.618083E-03
-4.783000E-03,+47.389400E-03,-717.618083E-03
-4.778000E-03,+46.231155E-03,-721.964452E-03
-4.773000E-03,+47.952235E-03,-720.507789E-03
-4.768000E-03,+45.218577E-03,-717.467020E-03
-4.763000E-03,+47.967341E-03,-737.718585E-03
-4.758000E-03,+48.241206E-03,-733.221153E-03
-4.753000E-03,+46.231155E-03,-729.351590E-03
-4.748000E-03,+46.231155E-03,-717.618083E-03
-4.743000E-03,+47.630690E-03,-717.618083E-03
-4.738000E-03,+46.907082E-03,-717.618083E-03
-4.733000E-03,+46.278836E-03,-737.241778E-03
-4.728000E-03,+46.231155E-03,-717.618083E-03
-4.723000E-03,+46.231155E-03,-732.567041E-03
-4.718000E-03,+48.032752E-03,-737.718585E-03
-4.713000E-03,+47.309145E-03,-728.397977E-03
-4.708000E-03,+46.585537E-03,-721.161901E-03
-4.703000E-03,+47.871980E-03,-734.026328E-03
-4.698000E-03,+46.231155E-03,-717.618083E-03
-4.693000E-03,+46.424765E-03,-735.782491E-03
-4.688000E-03,+46.761154E-03,-732.418603E-03
-4.683000E-03,+47.484761E-03,-725.182527E-03
-4.678000E-03,+46.263992E-03,-737.718585E-03
-4.673000E-03,+46.231155E-03,-724.525790E-03
-4.668000E-03,+46.826827E-03,-751.862368E-03
-4.663000E-03,+48.241206E-03,-718.897440E-03
-4.658000E-03,+46.231155E-03,-717.618083E-03
-4.653000E-03,+46.231155E-03,-717.618083E-03
-4.648000E-03,+48.241206E-03,-737.718585E-03
-4.643000E-03,+48.241206E-03,-717.618083E-03
-4.638000E-03,+48.241206E-03,-717.618083E-03
-4.633000E-03,+46.231155E-03,-717.618083E-03
-4.628000E-03,+47.404244E-03,-737.718585E-03
-4.623000E-03,+46.231155E-03,-718.751626E-03
-4.618000E-03,+46.841409E-03,-737.718585E-03
-4.613000E-03,+46.231155E-03,-730.956691E-03
-4.608000E-03,+48.193787E-03,-718.092265E-03
-4.603000E-03,+48.241206E-03,-737.718585E-03
-4.598000E-03,+46.746572E-03,-717.618083E-03
-4.593000E-03,+46.439346E-03,-735.636677E-03
-4.588000E-03,+46.231155E-03,-728.400602E-03
-4.583000E-03,+46.231155E-03,-721.164526E-03
-4.578000E-03,+47.872242E-03,-737.718585E-03
-4.573000E-03,+48.241206E-03,-717.618083E-03
-4.568000E-03,+46.231155E-03,-737.718585E-03
-4.563000E-03,+48.241206E-03,-732.421227E-03
-4.558000E-03,+47.484499E-03,-737.718585E-03
-4.553000E-03,+48.241206E-03,-737.387592E-03
-4.548000E-03,+46.921664E-03,-730.813502E-03
-4.543000E-03,+46.231155E-03,-737.718585E-03
-4.538000E-03,+46.358829E-03,-718.894815E-03
-4.533000E-03,+46.231155E-03,-726.130891E-03
-4.528000E-03,+46.666317E-03,-737.718585E-03
-4.523000E-03,+48.529651E-03,-737.718585E-03
-4.518000E-03,+46.231155E-03,-727.738616E-03
-4.513000E-03,+47.966816E-03,-720.361975E-03
-4.508000E-03,+47.791987E-03,-717.618083E-03
-4.503000E-03,+46.231155E-03,-737.718585E-03
-4.498000E-03,+48.127589E-03,-717.618083E-03
-4.493000E-03,+46.231155E-03,-731.618676E-03
-4.488000E-03,+46.907607E-03,-724.382601E-03
-4.483000E-03,+48.194050E-03,-737.718585E-03
-4.478000E-03,+46.231155E-03,-737.718585E-03
-4.473000E-03,+46.746835E-03,-732.561792E-03
-4.468000E-03,+48.033277E-03,-737.718585E-03
-4.463000E-03,+48.241206E-03,-737.718585E-03
-4.458000E-03,+46.231155E-03,-721.167150E-03
-4.453000E-03,+48.241206E-03,-717.618083E-03
-4.448000E-03,+47.323464E-03,-717.618083E-03
-4.443000E-03,+46.425290E-03,-737.718585E-03
-4.438000E-03,+46.231155E-03,-737.718585E-03
-4.433000E-03,+46.231155E-03,-725.187775E-03
-4.428000E-03,+48.207844E-03,-737.718585E-03
-4.423000E-03,+46.231155E-03,-724.520542E-03
-4.418000E-03,+46.231155E-03,-737.718585E-03
-4.413000E-03,+46.231155E-03,-717.618083E-03
-4.408000E-03,+47.390187E-03,-726.128267E-03
-4.403000E-03,+46.231155E-03,-717.618083E-03
-4.398000E-03,+47.953022E-03,-737.718585E-03
-4.393000E-03,+48.241206E-03,-727.600675E-03
-4.388000E-03,+47.966554E-03,-720.364600E-03
-4.383000E-03,+47.792250E-03,-737.718585E-03
-4.378000E-03,+46.231155E-03,-717.618083E-03
-4.373000E-03,+48.241206E-03,-718.756874E-03
-4.368000E-03,+46.840884E-03,-717.618083E-03
-4.363000E-03,+48.241206E-03,-724.385225E-03
-4.358000E-03,+48.194312E-03,-717.618083E-03
-4.353000E-03,+48.241206E-03,-725.323092E-03
-4.348000E-03,+48.241206E-03,-717.618083E-03
-4.343000E-03,+46.438821E-03,-737.718585E-03
-4.338000E-03,+47.162429E-03,-717.618083E-03
-4.333000E-03,+48.241206E-03,-717.618083E-03
-4.328000E-03,+48.241206E-03,-717.618083E-03
-4.323000E-03,+47.323201E-03,-728.538543E-03
-4.318000E-03,+46.425552E-03,-719.562049E-03
-4.313000E-03,+46.760366E-03,-732.426476E-03
-4.308000E-03,+46.988387E-03,-725.190400E-03
-4.303000E-03,+48.207581E-03,-737.382344E-03
-4.298000E-03,+48.241206E-03,-737.718585E-03
-4.293000E-03,+46.231155E-03,-717.618083E-03
-4.288000E-03,+49.996959E-03,-736.447101E-03
-4.283000E-03,+47.081911E-03,-717.618083E-03
-4.278000E-03,+48.241206E-03,-721.974949E-03
-4.273000E-03,+48.241206E-03,-734.839376E-03
-4.268000E-03,+47.229677E-03,-717.618083E-03
-4.263000E-03,+48.241206E-03,-717.618083E-03
-4.258000E-03,+47.792512E-03,-737.718585E-03
-4.253000E-03,+47.403456E-03,-717.618083E-03
-4.248000E-03,+46.231155E-03,-736.577169E-03
-4.243000E-03,+46.840621E-03,-723.712742E-03
-4.238000E-03,+46.908132E-03,-717.618083E-03
-4.233000E-03,+46.277786E-03,-737.718585E-03
-4.228000E-03,+46.231155E-03,-737.718585E-03
-4.223000E-03,+46.231155E-03,-732.556544E-03
-4.218000E-03,+48.033802E-03,-737.718585E-03
-4.213000E-03,+47.162166E-03,-717.618083E-03
-4.208000E-03,+47.885774E-03,-734.164269E-03
-4.203000E-03,+47.873030E-03,-721.299842E-03
-4.198000E-03,+46.231155E-03,-717.618083E-03
-4.193000E-03,+44.610423E-03,-717.618083E-03
-4.188000E-03,+47.712257E-03,-732.429100E-03
-4.183000E-03,+46.988649E-03,-717.618083E-03
-4.178000E-03,+46.231155E-03,-717.956948E-03
-4.173000E-03,+46.231155E-03,-730.821375E-03
-4.168000E-03,+47.644484E-03,-717.618083E-03
-4.163000E-03,+46.358041E-03,-737.718585E-03
-4.158000E-03,+47.081649E-03,-729.213649E-03
-4.153000E-03,+46.231155E-03,-733.359094E-03
-4.148000E-03,+46.518814E-03,-737.718585E-03
-4.143000E-03,+47.229939E-03,-727.730743E-03
-4.138000E-03,+46.231155E-03,-717.618083E-03
-4.133000E-03,+48.241206E-03,-737.718585E-03
-4.128000E-03,+47.069167E-03,-737.718585E-03
-4.123000E-03,+46.231155E-03,-718.762123E-03
-4.118000E-03,+48.241206E-03,-737.718585E-03
-4.113000E-03,+47.563966E-03,-737.718585E-03
-4.108000E-03,+46.231155E-03,-718.081768E-03
-4.103000E-03,+46.231155E-03,-725.317843E-03
-4.098000E-03,+46.747622E-03,-732.553919E-03
-4.093000E-03,+46.438296E-03,-755.747677E-03
-4.088000E-03,+47.310457E-03,-737.718585E-03
-4.083000E-03,+47.885511E-03,-734.161645E-03
-4.078000E-03,+46.599069E-03,-717.618083E-03
-4.073000E-03,+48.241206E-03,-717.618083E-03
-4.068000E-03,+46.231155E-03,-737.718585E-03
-4.063000E-03,+48.241206E-03,-737.718585E-03
-4.058000E-03,+48.241206E-03,-717.618083E-03
-4.053000E-03,+48.241206E-03,-737.377095E-03
-4.048000E-03,+47.551747E-03,-717.618083E-03
-4.043000E-03,+46.828139E-03,-717.618083E-03
-4.038000E-03,+46.231155E-03,-717.618083E-03
-4.033000E-03,+47.390974E-03,-717.618083E-03
-4.028000E-03,+48.241206E-03,-721.980198E-03
-4.023000E-03,+47.953809E-03,-717.618083E-03
-4.018000E-03,+47.242159E-03,-727.608548E-03
-4.013000E-03,+48.241206E-03,-737.718585E-03
-4.008000E-03,+48.241206E-03,-728.755213E-03
-4.003000E-03,+48.241206E-03,-726.000823E-03
-3.998000E-03,+46.231155E-03,-717.618083E-03
-3.993000E-03,+47.632264E-03,-723.707494E-03
-3.988000E-03,+46.231155E-03,-730.943570E-03
-3.983000E-03,+46.277261E-03,-737.257524E-03
-3.978000E-03,+48.241206E-03,-737.718585E-03
-3.973000E-03,+46.747884E-03,-717.618083E-03
-3.968000E-03,+46.231155E-03,-717.618083E-03
-3.963000E-03,+46.231155E-03,-728.413723E-03
-3.958000E-03,+46.587112E-03,-721.177647E-03
-3.953000E-03,+46.231155E-03,-717.618083E-03
-3.948000E-03,+46.231155E-03,-737.718585E-03
-3.943000E-03,+46.231155E-03,-735.766745E-03
-3.938000E-03,+46.759579E-03,-717.618083E-03
-3.933000E-03,+46.231155E-03,-737.718585E-03
-3.928000E-03,+46.265567E-03,-737.718585E-03
-3.923000E-03,+47.552009E-03,-737.718585E-03
-3.918000E-03,+46.231155E-03,-717.618083E-03
-3.913000E-03,+46.483877E-03,-737.718585E-03
-3.908000E-03,+47.081124E-03,-737.718585E-03
-3.903000E-03,+46.667629E-03,-737.718585E-03
-3.898000E-03,+48.241206E-03,-717.618083E-03
-3.893000E-03,+47.230464E-03,-717.618083E-03
-3.888000E-03,+46.231155E-03,-717.618083E-03
-3.883000E-03,+48.241206E-03,-737.718585E-03
-3.878000E-03,+45.392619E-03,-737.718585E-03
-3.873000E-03,+48.241206E-03,-737.718585E-03
-3.868000E-03,+46.231155E-03,-717.618083E-03
-3.863000E-03,+47.563442E-03,-717.618083E-03
-3.858000E-03,+46.276999E-03,-717.618083E-03
-3.853000E-03,+47.000606E-03,-717.618083E-03
-3.848000E-03,+46.231155E-03,-732.548671E-03
-3.843000E-03,+46.437771E-03,-717.618083E-03
-3.838000E-03,+47.310982E-03,-728.416348E-03
-3.833000E-03,+48.241206E-03,-721.180272E-03
-3.828000E-03,+46.231155E-03,-737.718585E-03
-3.823000E-03,+48.241206E-03,-737.718585E-03
-3.818000E-03,+48.045759E-03,-719.572546E-03
-3.813000E-03,+48.241206E-03,-717.618083E-03
-3.808000E-03,+46.989437E-03,-730.135771E-03
-3.803000E-03,+46.265829E-03,-717.618083E-03
-3.798000E-03,+47.552272E-03,-724.507420E-03
-3.793000E-03,+46.231155E-03,-723.593172E-03
-3.788000E-03,+48.115107E-03,-737.718585E-03
-3.783000E-03,+48.241206E-03,-726.115145E-03
-3.778000E-03,+46.231155E-03,-733.351221E-03
-3.773000E-03,+48.241206E-03,-734.849873E-03
-3.768000E-03,+46.231155E-03,-727.722870E-03
-3.763000E-03,+48.241206E-03,-717.618083E-03
-3.758000E-03,+47.793562E-03,-717.618083E-03
-3.753000E-03,+48.241206E-03,-717.618083E-03
-3.748000E-03,+46.346347E-03,-755.515261E-03
-3.743000E-03,+48.241206E-03,-737.718585E-03
-3.738000E-03,+45.577158E-03,-717.618083E-03
-3.733000E-03,+48.241206E-03,-718.073895E-03
-3.728000E-03,+47.000344E-03,-730.026697E-03
-3.723000E-03,+47.723952E-03,-732.546046E-03
-3.718000E-03,+46.437509E-03,-739.782122E-03
-3.713000E-03,+47.161117E-03,-739.219861E-03
-3.708000E-03,+46.231155E-03,-717.618083E-03
-3.703000E-03,+46.598282E-03,-734.047322E-03
-3.698000E-03,+47.150472E-03,-737.718585E-03
-3.693000E-03,+46.426864E-03,-719.575171E-03
-3.688000E-03,+46.759054E-03,-737.718585E-03
-3.683000E-03,+48.241206E-03,-730.133146E-03
-3.678000E-03,+46.266092E-03,-737.369222E-03
-3.673000E-03,+47.552534E-03,-737.718585E-03
-3.668000E-03,+46.231155E-03,-737.718585E-03
-3.663000E-03,+48.115369E-03,-718.876445E-03
-3.658000E-03,+47.080599E-03,-737.718585E-03
-3.653000E-03,+48.241206E-03,-721.988071E-03
-3.648000E-03,+47.954597E-03,-737.718585E-03
-3.643000E-03,+46.231155E-03,-717.618083E-03
-3.638000E-03,+46.231155E-03,-717.618083E-03
-3.633000E-03,+47.793824E-03,-737.718585E-03
-3.628000E-03,+46.231155E-03,-737.718585E-03
-3.623000E-03,+46.346609E-03,-718.772620E-03
-3.618000E-03,+46.231155E-03,-737.718585E-03
-3.613000E-03,+46.231155E-03,-737.718585E-03
-3.608000E-03,+44.266424E-03,-718.071270E-03
-3.603000E-03,+48.241206E-03,-725.307346E-03
-3.598000E-03,+46.748672E-03,-717.618083E-03
-3.593000E-03,+48.241206E-03,-717.618083E-03
-3.588000E-03,+48.241206E-03,-728.421596E-03
-3.583000E-03,+46.231155E-03,-717.618083E-03
-3.578000E-03,+46.231155E-03,-717.618083E-03
-3.573000E-03,+46.231155E-03,-728.522797E-03
-3.568000E-03,+48.241206E-03,-719.577795E-03
-3.563000E-03,+46.231155E-03,-737.718585E-03
-3.558000E-03,+46.989962E-03,-717.618083E-03
-3.553000E-03,+46.266354E-03,-737.718585E-03
-3.548000E-03,+46.231155E-03,-717.618083E-03
-3.543000E-03,+46.829189E-03,-731.738247E-03
-3.538000E-03,+48.241206E-03,-736.462847E-03
-3.533000E-03,+47.080337E-03,-717.618083E-03
-3.528000E-03,+46.668417E-03,-717.618083E-03
-3.523000E-03,+46.231155E-03,-717.618083E-03
-3.518000E-03,+46.231155E-03,-717.618083E-03
-3.513000E-03,+47.964717E-03,-734.953698E-03
-3.508000E-03,+47.794087E-03,-717.618083E-03
-3.503000E-03,+48.241206E-03,-729.325347E-03
-3.498000E-03,+46.231155E-03,-755.504763E-03
-3.493000E-03,+45.436888E-03,-723.696997E-03
-3.488000E-03,+45.578208E-03,-724.403595E-03
-3.483000E-03,+48.196149E-03,-737.268022E-03
-3.478000E-03,+48.241206E-03,-737.718585E-03
-3.473000E-03,+46.231155E-03,-717.618083E-03
-3.468000E-03,+46.231155E-03,-737.718585E-03
-3.463000E-03,+47.311769E-03,-737.718585E-03
-3.458000E-03,+46.231155E-03,-721.188145E-03
-3.453000E-03,+46.231155E-03,-717.618083E-03
-3.448000E-03,+47.150997E-03,-719.321760E-03
-3.443000E-03,+48.044972E-03,-735.756248E-03
-3.438000E-03,+46.758529E-03,-737.718585E-03
-3.433000E-03,+47.482137E-03,-730.127898E-03
-3.428000E-03,+46.266616E-03,-717.972694E-03
-3.423000E-03,+46.231155E-03,-724.499547E-03
-3.418000E-03,+46.231155E-03,-723.601045E-03
-3.413000E-03,+46.356467E-03,-737.718585E-03
-3.408000E-03,+47.392287E-03,-726.107272E-03
-3.403000E-03,+46.668679E-03,-733.343348E-03
-3.398000E-03,+47.955122E-03,-734.857746E-03
-3.393000E-03,+46.231155E-03,-717.618083E-03
-3.388000E-03,+47.964454E-03,-734.951073E-03
-3.383000E-03,+47.794349E-03,-717.618083E-03
-3.378000E-03,+48.241206E-03,-717.618083E-03
-3.373000E-03,+46.231155E-03,-717.618083E-03
-3.368000E-03,+46.231155E-03,-737.718585E-03
-3.363000E-03,+46.231155E-03,-717.618083E-03
-3.358000E-03,+48.196412E-03,-737.718585E-03
-3.353000E-03,+48.241206E-03,-737.718585E-03
-3.348000E-03,+48.241206E-03,-727.978906E-03
-3.343000E-03,+46.436722E-03,-719.673747E-03
-3.338000E-03,+46.231155E-03,-717.618083E-03
-3.333000E-03,-48.598474E-03,+66.301507E-03
-3.328000E-03,-46.231155E-03,+548.713562E-03
-3.323000E-03,-48.241206E-03,+640.015037E-03
-3.318000E-03,-48.241206E-03,+649.216074E-03
-3.313000E-03,-48.241206E-03,+669.316576E-03
-3.308000E-03,-48.241206E-03,+656.809385E-03
-3.303000E-03,-46.231155E-03,+669.316576E-03
-3.298000E-03,-48.875488E-03,+676.195416E-03
-3.293000E-03,-48.241206E-03,+675.302162E-03
-3.288000E-03,-48.241206E-03,+670.567065E-03
-3.283000E-03,-48.241206E-03,+677.803141E-03
-3.278000E-03,-48.241206E-03,+673.694437E-03
-3.273000E-03,-48.241206E-03,+672.174791E-03
-3.268000E-03,-49.250635E-03,+679.322788E-03
-3.263000E-03,-46.508169E-03,+672.086712E-03
-3.258000E-03,-47.794612E-03,+684.951138E-03
-3.253000E-03,-47.401357E-03,+689.417078E-03
-3.248000E-03,-46.347396E-03,+708.355170E-03
-3.243000E-03,-48.241206E-03,+689.417078E-03
-3.238000E-03,-48.241206E-03,+689.417078E-03
-3.233000E-03,-48.241206E-03,+709.517580E-03
-3.228000E-03,-48.241206E-03,+689.417078E-03
-3.223000E-03,-47.722902E-03,+699.151509E-03
-3.218000E-03,-48.241206E-03,+691.470118E-03
-3.213000E-03,-48.241206E-03,+709.517580E-03
-3.208000E-03,-49.893725E-03,+692.992389E-03
-3.203000E-03,-49.885179E-03,+709.517580E-03
-3.198000E-03,-48.241206E-03,+709.517580E-03
-3.193000E-03,-46.231155E-03,+709.517580E-03
-3.188000E-03,-48.241206E-03,+709.517580E-03
-3.183000E-03,-48.241206E-03,+709.517580E-03
-3.178000E-03,-48.241206E-03,+709.517580E-03
-3.173000E-03,-48.241206E-03,+709.517580E-03
-3.168000E-03,-48.241206E-03,+703.529370E-03
-3.163000E-03,-48.241206E-03,+690.664943E-03
-3.158000E-03,-47.392811E-03,+709.517580E-03
-3.153000E-03,-48.241206E-03,+709.517580E-03
-3.148000E-03,-48.241206E-03,+709.517580E-03
-3.143000E-03,-49.242089E-03,+719.609247E-03
-3.138000E-03,-47.963929E-03,+709.517580E-03
-3.133000E-03,-48.241206E-03,+709.517580E-03
-3.128000E-03,-48.241206E-03,+697.818189E-03
-3.123000E-03,-48.241206E-03,+709.517580E-03
-3.118000E-03,-48.848310E-03,+709.517580E-03
-3.113000E-03,-48.241206E-03,+696.210464E-03
-3.108000E-03,-48.241206E-03,+709.517580E-03
-3.103000E-03,-48.241206E-03,+721.939317E-03
-3.098000E-03,-48.241206E-03,+704.331920E-03
-3.093000E-03,-48.241206E-03,+711.567996E-03
-3.088000E-03,-49.169855E-03,+700.231089E-03
-3.083000E-03,-48.241206E-03,+709.517580E-03
-3.078000E-03,-48.607020E-03,+693.075219E-03
-3.073000E-03,-48.241206E-03,+718.723866E-03
-3.068000E-03,-46.428176E-03,+709.517580E-03
-3.063000E-03,-48.241206E-03,+709.517580E-03
-3.058000E-03,-48.241206E-03,+709.517580E-03
-3.053000E-03,-46.267404E-03,+689.417078E-03
-3.048000E-03,-48.928565E-03,+709.517580E-03
-3.043000E-03,-48.241206E-03,+703.526745E-03
-3.038000E-03,-48.365730E-03,+690.662319E-03
-3.033000E-03,-47.393074E-03,+712.655449E-03
-3.028000E-03,-48.241206E-03,+725.234973E-03
-3.023000E-03,-48.526502E-03,+692.270044E-03
-3.018000E-03,-47.232301E-03,+699.428539E-03
-3.013000E-03,-48.241206E-03,+712.292965E-03
-3.008000E-03,-49.805187E-03,+705.056889E-03
-3.003000E-03,-48.241206E-03,+709.517580E-03
-2.998000E-03,-46.347921E-03,+690.584737E-03
-2.993000E-03,-46.837997E-03,+709.517580E-03
-2.988000E-03,-46.910756E-03,+696.213088E-03
-2.983000E-03,-46.275162E-03,+709.517580E-03
-2.978000E-03,-48.241206E-03,+729.618083E-03
-2.973000E-03,-46.749984E-03,+709.517580E-03
-2.968000E-03,-46.435934E-03,+729.618083E-03
-2.963000E-03,-48.241206E-03,+709.517580E-03
-2.958000E-03,-48.241206E-03,+713.098140E-03
-2.953000E-03,-49.885704E-03,+725.962566E-03
-2.948000E-03,-48.241206E-03,+711.200263E-03
-2.943000E-03,-48.241206E-03,+729.618083E-03
-2.938000E-03,-49.724932E-03,+724.354841E-03
-2.933000E-03,-48.241206E-03,+709.517580E-03
-2.928000E-03,-48.241206E-03,+709.517580E-03
-2.923000E-03,-48.241206E-03,+709.517580E-03
-2.918000E-03,-47.641860E-03,+715.511040E-03
-2.913000E-03,-48.241206E-03,+709.517580E-03
-2.908000E-03,-47.393336E-03,+697.895770E-03
-2.903000E-03,-49.812682E-03,+725.232349E-03
-2.898000E-03,-47.956171E-03,+709.517580E-03
-2.893000E-03,-48.241206E-03,+709.517580E-03
-2.888000E-03,-48.241206E-03,+709.517580E-03
-2.883000E-03,-48.241206E-03,+709.517580E-03
-2.878000E-03,-47.071791E-03,+721.211723E-03
-2.873000E-03,-48.241206E-03,+729.618083E-03
-2.868000E-03,-46.837735E-03,+709.517580E-03
-2.863000E-03,-46.911019E-03,+729.618083E-03
-2.858000E-03,-48.241206E-03,+709.517580E-03
-2.853000E-03,-48.241206E-03,+709.517580E-03
-2.848000E-03,-48.241206E-03,+714.708489E-03
-2.843000E-03,-48.241206E-03,+711.562747E-03
-2.838000E-03,-49.169330E-03,+709.517580E-03
-2.833000E-03,-47.882887E-03,+709.517580E-03
-2.828000E-03,-48.241206E-03,+713.170473E-03
-2.823000E-03,-47.152309E-03,+709.517580E-03
-2.818000E-03,-48.241206E-03,+727.642624E-03
-2.813000E-03,-48.767267E-03,+714.778198E-03
-2.808000E-03,-48.241206E-03,+717.121389E-03
-2.803000E-03,-46.267929E-03,+709.885314E-03
-2.798000E-03,-48.928040E-03,+716.385923E-03
-2.793000E-03,-48.241206E-03,+709.517580E-03
-2.788000E-03,-48.241206E-03,+710.757573E-03
-2.783000E-03,-48.241206E-03,+721.142015E-03
-2.778000E-03,-48.241206E-03,+725.229724E-03
-2.773000E-03,-49.966484E-03,+712.365298E-03
-2.768000E-03,-49.249585E-03,+729.618083E-03
-2.763000E-03,-48.241206E-03,+726.837450E-03
-2.758000E-03,-48.241206E-03,+709.517580E-03
-2.753000E-03,-48.241206E-03,+721.209099E-03
-2.748000E-03,-46.465737E-03,+729.618083E-03
-2.743000E-03,-48.241206E-03,+729.618083E-03
-2.738000E-03,-47.561080E-03,+716.318839E-03
-2.733000E-03,-48.241206E-03,+709.952398E-03
-2.728000E-03,-48.241206E-03,+717.188474E-03
-2.723000E-03,-48.241206E-03,+724.424550E-03
-2.718000E-03,-48.241206E-03,+709.517580E-03
-2.713000E-03,-48.241206E-03,+720.339464E-03
-2.708000E-03,-46.589736E-03,+713.103388E-03
-2.703000E-03,-49.886229E-03,+725.967815E-03
-2.698000E-03,-47.152571E-03,+718.731739E-03
-2.693000E-03,-46.428964E-03,+729.618083E-03
-2.688000E-03,-48.241206E-03,+729.618083E-03
-2.683000E-03,-48.241206E-03,+709.517580E-03
-2.678000E-03,-48.241206E-03,+709.517580E-03
-2.673000E-03,-48.241206E-03,+716.383299E-03
-2.668000E-03,-48.841076E-03,+723.619375E-03
-2.663000E-03,-50.127519E-03,+728.380715E-03
-2.658000E-03,-48.241206E-03,+717.991024E-03
-2.653000E-03,-48.241206E-03,+729.618083E-03
-2.648000E-03,-48.241206E-03,+709.517580E-03
-2.643000E-03,-47.233089E-03,+709.517580E-03
-2.638000E-03,-49.972930E-03,+709.517580E-03
-2.633000E-03,-50.251256E-03,+729.618083E-03
-2.628000E-03,-47.913477E-03,+709.517580E-03
-2.623000E-03,-48.241206E-03,+709.517580E-03
-2.618000E-03,-48.847260E-03,+729.618083E-03
-2.613000E-03,-46.911544E-03,+709.517580E-03
-2.608000E-03,-48.197986E-03,+729.185890E-03
-2.603000E-03,-48.241206E-03,+721.949814E-03
-2.598000E-03,-48.241206E-03,+714.713738E-03
-2.593000E-03,-48.241206E-03,+727.578164E-03
-2.588000E-03,-48.241206E-03,+718.793575E-03
-2.583000E-03,-48.241206E-03,+726.029650E-03
-2.578000E-03,-48.241206E-03,+709.517580E-03
-2.573000E-03,-48.241206E-03,+709.517580E-03
-2.568000E-03,-48.241206E-03,+709.517580E-03
-2.563000E-03,-46.756692E-03,+709.517580E-03
-2.558000E-03,-48.241206E-03,+709.517580E-03
-2.553000E-03,-50.213958E-03,+729.618083E-03
-2.548000E-03,-47.554896E-03,+722.754989E-03
-2.543000E-03,-49.651123E-03,+723.616750E-03
-2.538000E-03,-48.241206E-03,+709.517580E-03
-2.533000E-03,-47.078237E-03,+709.517580E-03
-2.528000E-03,-48.680566E-03,+693.810685E-03
-2.523000E-03,-49.682762E-03,+709.517580E-03
-2.518000E-03,-49.243401E-03,+719.596125E-03
-2.513000E-03,-48.241206E-03,+712.303462E-03
-2.508000E-03,-48.241206E-03,+729.618083E-03
-2.503000E-03,-48.241206E-03,+697.831311E-03
-2.498000E-03,-48.359021E-03,+728.439926E-03
-2.493000E-03,-48.241206E-03,+709.517580E-03
-2.488000E-03,-49.570605E-03,+729.618083E-03
-2.483000E-03,-50.251256E-03,+729.188514E-03
-2.478000E-03,-48.241206E-03,+709.517580E-03
-2.473000E-03,-46.231155E-03,+724.419301E-03
-2.468000E-03,-48.241206E-03,+711.554874E-03
-2.463000E-03,-47.158492E-03,+709.517580E-03
-2.458000E-03,-48.241206E-03,+713.108637E-03
-2.453000E-03,-48.241206E-03,+709.517580E-03
-2.448000E-03,-48.241206E-03,+718.736988E-03
-2.443000E-03,-48.241206E-03,+709.517580E-03
-2.438000E-03,-48.241206E-03,+709.517580E-03
-2.433000E-03,-48.241206E-03,+704.640442E-03
-2.428000E-03,-48.241206E-03,+729.242477E-03
-2.423000E-03,-48.241206E-03,+716.378050E-03
-2.418000E-03,-48.241206E-03,+709.517580E-03
-2.413000E-03,-50.128044E-03,+709.517580E-03
-2.408000E-03,-47.077975E-03,+712.681693E-03
-2.403000E-03,-48.241206E-03,+709.517580E-03
-2.398000E-03,-48.241206E-03,+709.517580E-03
-2.393000E-03,-48.241206E-03,+709.517580E-03
-2.388000E-03,-49.972405E-03,+712.306087E-03
-2.383000E-03,-47.796449E-03,+709.517580E-03
-2.378000E-03,-49.082891E-03,+709.517580E-03
-2.373000E-03,-48.241206E-03,+710.698361E-03
-2.368000E-03,-48.241206E-03,+701.527668E-03
-2.363000E-03,-48.241206E-03,+729.618083E-03
-2.358000E-03,-48.241206E-03,+709.944525E-03
-2.353000E-03,-48.241206E-03,+717.180601E-03
-2.348000E-03,-48.761346E-03,+729.618083E-03
-2.343000E-03,-50.047789E-03,+727.583413E-03
-2.338000E-03,-48.241206E-03,+709.517580E-03
-2.333000E-03,-48.241206E-03,+726.024402E-03
-2.328000E-03,-48.241206E-03,+725.975688E-03
-2.323000E-03,-48.241206E-03,+709.517580E-03
-2.318000E-03,-46.429751E-03,+709.517580E-03
-2.313000E-03,-48.766218E-03,+694.667198E-03
-2.308000E-03,-48.241206E-03,+717.131887E-03
-2.303000E-03,-48.241206E-03,+748.962124E-03
-2.298000E-03,-49.565471E-03,+729.618083E-03
-2.293000E-03,-49.049940E-03,+723.611502E-03
-2.288000E-03,-50.005357E-03,+729.618083E-03
-2.283000E-03,-48.241206E-03,+706.348220E-03
-2.278000E-03,-48.241206E-03,+729.618083E-03
-2.273000E-03,-46.514877E-03,+706.680360E-03
-2.268000E-03,-47.233876E-03,+719.544787E-03
-2.263000E-03,-47.962092E-03,+712.308711E-03
-2.258000E-03,-48.241206E-03,+725.173137E-03
-2.253000E-03,-48.241206E-03,+721.198602E-03
-2.248000E-03,-48.241206E-03,+710.700986E-03
-2.243000E-03,-48.241206E-03,+709.517580E-03
-2.238000E-03,-46.912331E-03,+716.329336E-03
-2.233000E-03,-48.241206E-03,+709.517580E-03
-2.228000E-03,-48.241206E-03,+709.517580E-03
-2.223000E-03,-48.241206E-03,+729.618083E-03
-2.218000E-03,-48.038001E-03,+711.549626E-03
-2.213000E-03,-48.241206E-03,+720.349962E-03
-2.208000E-03,-48.241206E-03,+716.710191E-03
-2.203000E-03,-46.595132E-03,+725.978312E-03
-2.198000E-03,-49.328790E-03,+720.393427E-03
-2.193000E-03,-48.440064E-03,+729.618083E-03
-2.188000E-03,-48.241206E-03,+694.664574E-03
-2.183000E-03,-48.241206E-03,+709.517580E-03
-2.178000E-03,-48.241206E-03,+709.517580E-03
-2.173000E-03,-46.916677E-03,+722.762862E-03
-2.168000E-03,-48.241206E-03,+715.526786E-03
-2.163000E-03,-48.241206E-03,+709.517580E-03
-2.158000E-03,-48.241206E-03,+717.980527E-03
-2.153000E-03,-47.801058E-03,+698.220038E-03
-2.148000E-03,-48.241206E-03,+726.783487E-03
-2.143000E-03,-48.241206E-03,+729.618083E-03
-2.138000E-03,-46.789906E-03,+709.517580E-03
-2.133000E-03,-48.241206E-03,+725.175762E-03
-2.128000E-03,-49.083416E-03,+706.261289E-03
-2.123000E-03,-48.241206E-03,+709.517580E-03
-2.118000E-03,-48.846210E-03,+723.568036E-03
-2.113000E-03,-48.241206E-03,+716.331961E-03
-2.108000E-03,-50.166917E-03,+709.517580E-03
-2.103000E-03,-48.241206E-03,+709.517580E-03
-2.098000E-03,-48.761871E-03,+729.618083E-03
-2.093000E-03,-48.241206E-03,+709.517580E-03
-2.088000E-03,-49.324706E-03,+718.783077E-03
-2.083000E-03,-48.241206E-03,+709.517580E-03
-2.078000E-03,-48.241206E-03,+725.980936E-03
-2.073000E-03,-48.241206E-03,+698.644358E-03
-2.068000E-03,-48.241206E-03,+729.618083E-03
-2.063000E-03,-48.765693E-03,+709.517580E-03
-2.058000E-03,-47.479250E-03,+701.898026E-03
-2.053000E-03,-50.174560E-03,+709.517580E-03
-2.048000E-03,-47.555946E-03,+715.912889E-03
-2.043000E-03,-48.241206E-03,+709.517580E-03
-2.038000E-03,-48.241206E-03,+709.517580E-03
-2.033000E-03,-47.077187E-03,+729.618083E-03
-2.028000E-03,-48.241206E-03,+725.213978E-03
-2.023000E-03,-48.241206E-03,+709.517580E-03
-2.018000E-03,-48.241206E-03,+729.618083E-03
-2.013000E-03,-48.241206E-03,+729.618083E-03
-2.008000E-03,-48.241206E-03,+725.178386E-03
-2.003000E-03,-48.241206E-03,+717.942310E-03
-1.998000E-03,-46.350021E-03,+729.618083E-03
-1.993000E-03,-48.241206E-03,+723.570661E-03
-1.988000E-03,-47.559505E-03,+716.334585E-03
-1.983000E-03,-50.167441E-03,+709.517580E-03
-1.978000E-03,-48.720226E-03,+717.172728E-03
-1.973000E-03,-48.241206E-03,+709.517580E-03
-1.968000E-03,-46.231155E-03,+709.517580E-03
-1.963000E-03,-47.157443E-03,+729.618083E-03
-1.958000E-03,-48.241206E-03,+709.517580E-03
-1.953000E-03,-46.958060E-03,+729.618083E-03
-1.948000E-03,-48.241206E-03,+709.517580E-03
-1.943000E-03,-48.041823E-03,+709.517580E-03
-1.938000E-03,-48.765430E-03,+729.618083E-03
-1.933000E-03,-48.241206E-03,+721.995904E-03
-1.928000E-03,-46.269766E-03,+709.903684E-03
-1.923000E-03,-48.241206E-03,+742.868613E-03
-1.918000E-03,-49.649810E-03,+729.618083E-03
-1.913000E-03,-48.241206E-03,+729.618083E-03
-1.908000E-03,-49.086975E-03,+709.517580E-03
-1.903000E-03,-48.241206E-03,+709.517580E-03
-1.898000E-03,-49.968321E-03,+715.176275E-03
-1.893000E-03,-49.247748E-03,+719.552660E-03
-1.888000E-03,-48.241206E-03,+709.517580E-03
-1.883000E-03,-48.684913E-03,+713.954653E-03
-1.878000E-03,-47.398470E-03,+717.944934E-03
-1.873000E-03,-48.241206E-03,+710.708859E-03
-1.868000E-03,-48.241206E-03,+723.573285E-03
-1.863000E-03,-48.241206E-03,+709.517580E-03
-1.858000E-03,-48.241206E-03,+729.618083E-03
-1.853000E-03,-46.996408E-03,+717.170103E-03
-1.848000E-03,-48.762396E-03,+729.618083E-03
-1.843000E-03,-48.241206E-03,+729.618083E-03
-1.838000E-03,-47.315181E-03,+720.357835E-03
-1.833000E-03,-48.241206E-03,+729.618083E-03
-1.828000E-03,-48.241206E-03,+725.986185E-03
-1.823000E-03,-48.241206E-03,+709.517580E-03
-1.818000E-03,-48.041560E-03,+711.514033E-03
-1.813000E-03,-48.241206E-03,+724.378460E-03
-1.808000E-03,-46.993636E-03,+717.142384E-03
-1.803000E-03,-50.173510E-03,+728.840627E-03
-1.798000E-03,-48.241206E-03,+709.517580E-03
-1.793000E-03,-48.241206E-03,+723.601004E-03
-1.788000E-03,-48.363105E-03,+709.517580E-03
-1.783000E-03,-48.241206E-03,+717.972654E-03
-1.778000E-03,-48.241206E-03,+725.208730E-03
-1.773000E-03,-46.513828E-03,+712.344303E-03
-1.768000E-03,-49.247485E-03,+719.580379E-03
-1.763000E-03,-48.241206E-03,+709.517580E-03
-1.758000E-03,-49.807811E-03,+734.052531E-03
-1.753000E-03,-48.241206E-03,+729.618083E-03
-1.748000E-03,-48.241206E-03,+748.524683E-03
-1.743000E-03,-48.241206E-03,+709.517580E-03
-1.738000E-03,-48.241206E-03,+722.795830E-03
-1.733000E-03,-46.272538E-03,+729.204260E-03
-1.728000E-03,-48.241206E-03,+729.618083E-03
-1.723000E-03,-48.241206E-03,+729.618083E-03
-1.718000E-03,-50.453411E-03,+729.618083E-03
-1.713000E-03,-47.315443E-03,+740.460961E-03
-1.708000E-03,-48.241206E-03,+729.618083E-03
-1.703000E-03,-47.878278E-03,+725.988809E-03
-1.698000E-03,-49.164721E-03,+729.618083E-03
-1.693000E-03,-46.431063E-03,+725.619928E-03
-1.688000E-03,-48.241206E-03,+709.517580E-03
-1.683000E-03,-48.241206E-03,+709.517580E-03
-1.678000E-03,-50.212121E-03,+748.935881E-03
-1.673000E-03,-48.241206E-03,+729.618083E-03
-1.668000E-03,+51.659336E-03,+355.769636E-03
-1.663000E-03,+48.241206E-03,-495.296184E-03
-1.658000E-03,+47.076400E-03,-637.216073E-03
-1.653000E-03,+46.231155E-03,-657.316576E-03
-1.648000E-03,+46.231155E-03,-660.140674E-03
-1.643000E-03,+47.235188E-03,-677.417078E-03
-1.638000E-03,+48.241206E-03,-677.417078E-03
-1.633000E-03,+46.674338E-03,-677.417078E-03
-1.628000E-03,+47.397945E-03,-677.417078E-03
-1.623000E-03,+46.350808E-03,-696.321054E-03
-1.618000E-03,+47.637251E-03,-691.478031E-03
-1.613000E-03,+47.558718E-03,-697.517580E-03
-1.608000E-03,+48.200086E-03,-697.517580E-03
-1.603000E-03,+47.476478E-03,-697.517580E-03
-1.598000E-03,+48.241206E-03,-712.400931E-03
-1.593000E-03,+46.231155E-03,-715.599159E-03
-1.588000E-03,+46.231155E-03,-708.363083E-03
-1.583000E-03,+48.241206E-03,-701.127007E-03
-1.578000E-03,+46.231155E-03,-697.517580E-03
-1.573000E-03,+47.317428E-03,-697.517580E-03
-1.568000E-03,+48.241206E-03,-699.519282E-03
-1.563000E-03,+48.241206E-03,-717.618083E-03
-1.558000E-03,+47.478200E-03,-717.618083E-03
-1.553000E-03,+48.201808E-03,-717.224106E-03
-1.548000E-03,+47.556996E-03,-717.618083E-03
-1.543000E-03,+46.833388E-03,-731.696258E-03
-1.538000E-03,+46.231155E-03,-717.618083E-03
-1.533000E-03,+46.231155E-03,-714.417230E-03
-1.528000E-03,+46.231155E-03,-717.618083E-03
-1.523000E-03,+46.795450E-03,-714.796608E-03
-1.518000E-03,+45.226860E-03,-717.618083E-03
-1.513000E-03,+48.241206E-03,-717.618083E-03
-1.508000E-03,+47.798286E-03,-717.618083E-03
-1.503000E-03,+47.397683E-03,-717.618083E-03
-1.498000E-03,+48.241206E-03,-717.618083E-03
-1.493000E-03,+46.834848E-03,-723.655007E-03
-1.488000E-03,+47.558455E-03,-717.618083E-03
-1.483000E-03,+48.200348E-03,-718.026657E-03
-1.478000E-03,+46.995620E-03,-717.618083E-03
-1.473000E-03,+46.231155E-03,-717.618083E-03
-1.468000E-03,+46.231155E-03,-717.618083E-03
-1.463000E-03,+47.156393E-03,-717.618083E-03
-1.458000E-03,+46.231155E-03,-734.106534E-03
-1.453000E-03,+46.231155E-03,-717.618083E-03
-1.448000E-03,+46.231155E-03,-728.478183E-03
-1.443000E-03,+46.030723E-03,-735.714259E-03
-1.438000E-03,+47.718031E-03,-747.355587E-03
-1.433000E-03,+47.477938E-03,-725.250759E-03
-1.428000E-03,+46.231155E-03,-717.618083E-03
-1.423000E-03,+48.241206E-03,-724.457558E-03
-1.418000E-03,+46.833650E-03,-717.618083E-03
-1.413000E-03,+46.352268E-03,-717.618083E-03
-1.408000E-03,+48.241206E-03,-717.618083E-03
-1.403000E-03,+46.672878E-03,-737.718585E-03
-1.398000E-03,+46.231155E-03,-717.618083E-03
-1.393000E-03,+46.231155E-03,-737.718585E-03
-1.388000E-03,+46.231155E-03,-717.618083E-03
-1.383000E-03,+47.798548E-03,-717.618083E-03
-1.378000E-03,+47.397420E-03,-726.055934E-03
-1.373000E-03,+48.241206E-03,-718.819858E-03
-1.368000E-03,+46.231155E-03,-731.684285E-03
-1.363000E-03,+46.231155E-03,-724.448209E-03
-1.358000E-03,+46.271750E-03,-717.618083E-03
-1.353000E-03,+47.477003E-03,-737.718585E-03
-1.348000E-03,+46.231155E-03,-717.618083E-03
-1.343000E-03,+46.432523E-03,-717.618083E-03
-1.338000E-03,+46.231155E-03,-737.718585E-03
-1.333000E-03,+48.241206E-03,-717.618083E-03
-1.328000E-03,+47.879065E-03,-734.097185E-03
-1.323000E-03,+47.155458E-03,-717.618083E-03
-1.318000E-03,+48.040510E-03,-737.718585E-03
-1.313000E-03,+46.231155E-03,-737.718585E-03
-1.308000E-03,+46.994685E-03,-730.083284E-03
-1.303000E-03,+48.241206E-03,-737.319360E-03
-1.298000E-03,+48.241206E-03,-717.618083E-03
-1.293000E-03,+46.231155E-03,-723.645658E-03
-1.288000E-03,+48.120355E-03,-736.510085E-03
-1.283000E-03,+46.231155E-03,-717.618083E-03
-1.278000E-03,+46.673140E-03,-717.618083E-03
-1.273000E-03,+46.231155E-03,-720.434308E-03
-1.268000E-03,+46.230745E-03,-727.666284E-03
-1.263000E-03,+46.512368E-03,-720.430208E-03
-1.258000E-03,+46.673550E-03,-722.042033E-03
-1.253000E-03,+46.231155E-03,-729.278109E-03
-1.248000E-03,+48.120766E-03,-717.618083E-03
-1.243000E-03,+47.638038E-03,-717.618083E-03
-1.238000E-03,+47.557930E-03,-717.618083E-03
-1.233000E-03,+46.231155E-03,-717.618083E-03
-1.228000E-03,+48.241206E-03,-717.618083E-03
-1.223000E-03,+46.231155E-03,-722.843108E-03
-1.218000E-03,+46.231155E-03,-717.618083E-03
-1.213000E-03,+46.231155E-03,-717.618083E-03
-1.208000E-03,+46.231155E-03,-734.101285E-03
-1.203000E-03,+48.241206E-03,-737.718585E-03
-1.198000E-03,+48.241206E-03,-717.618083E-03
-1.193000E-03,+46.432113E-03,-717.618083E-03
-1.188000E-03,+48.241206E-03,-737.718585E-03
-1.183000E-03,+46.994948E-03,-730.080660E-03
-1.178000E-03,+48.201021E-03,-718.019932E-03
-1.173000E-03,+47.557783E-03,-717.618083E-03
-1.168000E-03,+46.231155E-03,-717.618083E-03
-1.163000E-03,+48.120618E-03,-716.412207E-03
-1.158000E-03,+48.241206E-03,-734.501986E-03
-1.153000E-03,+46.231155E-03,-722.040557E-03
-1.148000E-03,+47.959845E-03,-734.904984E-03
-1.143000E-03,+48.241206E-03,-727.668908E-03
-1.138000E-03,+46.512630E-03,-717.618083E-03
-1.133000E-03,+48.241206E-03,-722.039409E-03
-1.128000E-03,+47.396896E-03,-729.275485E-03
-1.123000E-03,+46.231155E-03,-736.511561E-03
-1.118000E-03,+48.241206E-03,-737.718585E-03
-1.113000E-03,+46.914693E-03,-737.718585E-03
-1.108000E-03,+46.231155E-03,-717.618083E-03
-1.103000E-03,+48.241206E-03,-730.081808E-03
-1.098000E-03,+48.241206E-03,-737.718585E-03
-1.093000E-03,+48.040363E-03,-719.626509E-03
-1.088000E-03,+46.231155E-03,-726.862585E-03
-1.083000E-03,+46.231155E-03,-717.618083E-03
-1.078000E-03,+46.592770E-03,-721.234234E-03
-1.073000E-03,+47.316378E-03,-726.866357E-03
-1.068000E-03,+48.241206E-03,-735.706386E-03
-1.063000E-03,+49.206480E-03,-732.494708E-03
-1.058000E-03,+46.995210E-03,-725.258632E-03
-1.053000E-03,+48.241206E-03,-737.718585E-03
-1.048000E-03,+48.241206E-03,-724.449685E-03
-1.043000E-03,+48.241206E-03,-737.718585E-03
-1.038000E-03,+48.241206E-03,-717.618083E-03
-1.033000E-03,+47.397273E-03,-729.279257E-03
-1.028000E-03,+46.231155E-03,-733.293486E-03
-1.023000E-03,+46.231155E-03,-717.618083E-03
-1.018000E-03,+47.235861E-03,-727.665135E-03
-1.013000E-03,+48.241206E-03,-720.435456E-03
-1.008000E-03,+47.799335E-03,-737.718585E-03
-1.003000E-03,+47.075728E-03,-726.063807E-03
-998.000E-06,+46.352120E-03,-718.827731E-03
-993.000E-06,+47.638563E-03,-731.692157E-03
-988.000E-06,+46.914955E-03,-717.618083E-03
-983.000E-06,+48.201398E-03,-737.320508E-03
-978.000E-06,+46.231155E-03,-737.718585E-03
-973.000E-06,+48.241206E-03,-732.488311E-03
-968.000E-06,+48.441786E-03,-735.712783E-03
-963.000E-06,+48.241206E-03,-737.718585E-03
-958.000E-06,+46.231155E-03,-721.240631E-03
-953.000E-06,+48.241206E-03,-717.618083E-03
-948.000E-06,+47.316116E-03,-728.467686E-03
-943.000E-06,+48.241206E-03,-717.618083E-03
-938.000E-06,+47.719080E-03,-737.718585E-03
-933.000E-06,+46.231155E-03,-737.718585E-03
-928.000E-06,+46.271865E-03,-717.618083E-03
-923.000E-06,+46.914053E-03,-730.889607E-03
-918.000E-06,+46.834700E-03,-737.718585E-03
-913.000E-06,+46.231155E-03,-736.517958E-03
-908.000E-06,+47.397535E-03,-726.054786E-03
-903.000E-06,+46.673928E-03,-737.718585E-03
-898.000E-06,+48.241206E-03,-737.718585E-03
-893.000E-06,+46.231155E-03,-717.618083E-03
-888.000E-06,+46.231155E-03,-717.618083E-03
-883.000E-06,+48.241206E-03,-733.302507E-03
-878.000E-06,+48.241206E-03,-729.270236E-03
-873.000E-06,+48.119978E-03,-737.718585E-03
-868.000E-06,+47.638825E-03,-731.694782E-03
-863.000E-06,+46.915218E-03,-737.718585E-03
-858.000E-06,+48.241206E-03,-717.618083E-03
-853.000E-06,+46.994308E-03,-717.618083E-03
-848.000E-06,+48.241206E-03,-732.485687E-03
-843.000E-06,+48.241206E-03,-735.715407E-03
-838.000E-06,+47.155081E-03,-717.618083E-03
-833.000E-06,+46.593673E-03,-734.093412E-03
-828.000E-06,+46.231155E-03,-721.228986E-03
-823.000E-06,+47.156508E-03,-728.465062E-03
-818.000E-06,+46.432900E-03,-717.618083E-03
-813.000E-06,+48.241206E-03,-722.836711E-03
-808.000E-06,+48.241206E-03,-737.718585E-03
-803.000E-06,+48.241206E-03,-737.308863E-03
-798.000E-06,+48.241206E-03,-730.892231E-03
-793.000E-06,+46.834963E-03,-737.718585E-03
-788.000E-06,+48.241206E-03,-736.520582E-03
-783.000E-06,+48.241206E-03,-717.618083E-03
-778.000E-06,+47.798171E-03,-722.048430E-03
-773.000E-06,+47.960633E-03,-717.618083E-03
-768.000E-06,+47.235336E-03,-717.618083E-03
-763.000E-06,+46.231155E-03,-737.718585E-03
-758.000E-06,+47.799860E-03,-722.031536E-03
-753.000E-06,+47.076253E-03,-729.267612E-03
-748.000E-06,+46.231155E-03,-737.718585E-03
-743.000E-06,+46.231155E-03,-723.639261E-03
-738.000E-06,+47.556881E-03,-737.718585E-03
-733.000E-06,+46.270438E-03,-717.618083E-03
-728.000E-06,+46.994046E-03,-730.089681E-03
-723.000E-06,+48.241206E-03,-732.483063E-03
-718.000E-06,+48.041150E-03,-719.618636E-03
-713.000E-06,+46.231155E-03,-737.718585E-03
-708.000E-06,+46.231155E-03,-721.245880E-03
-703.000E-06,+46.231155E-03,-717.618083E-03
-698.000E-06,+47.156770E-03,-739.306792E-03
-693.000E-06,+46.433162E-03,-719.638154E-03
-688.000E-06,+47.719605E-03,-737.718585E-03
-683.000E-06,+46.231155E-03,-730.070163E-03
-678.000E-06,+46.231155E-03,-718.030429E-03
-673.000E-06,+47.558833E-03,-737.718585E-03
-668.000E-06,+46.231155E-03,-717.618083E-03
-663.000E-06,+48.241206E-03,-737.718585E-03
-658.000E-06,+47.074301E-03,-726.049537E-03
-653.000E-06,+48.241206E-03,-717.618083E-03
-648.000E-06,+46.511466E-03,-734.915481E-03
-643.000E-06,+46.231155E-03,-727.657262E-03
-638.000E-06,+47.958681E-03,-734.893338E-03
-633.000E-06,+48.241206E-03,-733.307756E-03
-628.000E-06,+47.076515E-03,-717.618083E-03
-623.000E-06,+48.241206E-03,-717.618083E-03
-618.000E-06,+48.241206E-03,-737.718585E-03
-613.000E-06,+46.231155E-03,-730.872713E-03
-608.000E-06,+46.270176E-03,-737.328381E-03
-603.000E-06,+48.241206E-03,-737.718585E-03
-598.000E-06,+48.241206E-03,-732.480438E-03
-593.000E-06,+46.430948E-03,-717.618083E-03
-588.000E-06,+47.154556E-03,-737.718585E-03
-583.000E-06,+48.241206E-03,-737.718585E-03
-578.000E-06,+47.880640E-03,-717.618083E-03
-573.000E-06,+48.241206E-03,-728.459813E-03
-568.000E-06,+46.231155E-03,-737.718585E-03
-563.000E-06,+47.719868E-03,-737.718585E-03
-558.000E-06,+48.241206E-03,-717.618083E-03
-553.000E-06,+48.241206E-03,-737.718585E-03
-548.000E-06,+46.913266E-03,-724.439188E-03
-543.000E-06,+48.241206E-03,-731.675263E-03
-538.000E-06,+48.121930E-03,-717.618083E-03
-533.000E-06,+48.241206E-03,-729.289755E-03
-528.000E-06,+46.231155E-03,-733.282989E-03
-523.000E-06,+48.241206E-03,-734.918105E-03
-518.000E-06,+47.237550E-03,-737.718585E-03
-513.000E-06,+47.958418E-03,-734.890714E-03
-508.000E-06,+47.800385E-03,-701.925785E-03
-503.000E-06,+45.385533E-03,-720.806142E-03
-498.000E-06,+46.231155E-03,-736.498439E-03
-493.000E-06,+46.231155E-03,-717.618083E-03
-488.000E-06,+48.241206E-03,-737.718585E-03
-483.000E-06,+48.241206E-03,-737.331005E-03
-478.000E-06,+46.993521E-03,-717.618083E-03
-473.000E-06,+46.755232E-03,-717.618083E-03
-468.000E-06,+48.041675E-03,-719.613387E-03
-463.000E-06,+47.318067E-03,-728.487204E-03
-458.000E-06,+47.877901E-03,-737.718585E-03
-453.000E-06,+46.591458E-03,-721.221113E-03
-448.000E-06,+47.157295E-03,-717.618083E-03
-443.000E-06,+46.231155E-03,-735.693264E-03
-438.000E-06,+47.720130E-03,-722.828838E-03
-433.000E-06,+46.231155E-03,-725.271754E-03
-428.000E-06,+48.199446E-03,-717.618083E-03
-423.000E-06,+46.231155E-03,-737.718585E-03
-418.000E-06,+46.231155E-03,-717.618083E-03
-413.000E-06,+46.231155E-03,-736.528455E-03
-408.000E-06,+47.073776E-03,-729.292379E-03
-403.000E-06,+46.674977E-03,-737.718585E-03
-398.000E-06,+47.961420E-03,-720.415938E-03
-393.000E-06,+47.237812E-03,-727.652014E-03
-388.000E-06,+46.231155E-03,-737.718585E-03
-383.000E-06,+46.671713E-03,-737.718585E-03
-378.000E-06,+47.395321E-03,-717.618083E-03
-373.000E-06,+46.231155E-03,-756.596317E-03
-368.000E-06,+48.241206E-03,-723.631388E-03
-363.000E-06,+47.556093E-03,-737.718585E-03
-358.000E-06,+46.269651E-03,-737.718585E-03
-353.000E-06,+47.479102E-03,-717.618083E-03
-348.000E-06,+46.755495E-03,-737.718585E-03
-343.000E-06,+46.231155E-03,-717.618083E-03
-338.000E-06,+47.154031E-03,-728.489829E-03
-333.000E-06,+48.241206E-03,-717.618083E-03
-328.000E-06,+48.241206E-03,-734.118179E-03
-323.000E-06,+48.241206E-03,-737.718585E-03
-318.000E-06,+48.241206E-03,-719.646027E-03
-313.000E-06,+46.751968E-03,-737.718585E-03
-308.000E-06,+46.231155E-03,-730.062290E-03
-303.000E-06,+46.273177E-03,-737.298365E-03
-298.000E-06,+46.231155E-03,-724.433939E-03
-293.000E-06,+48.241206E-03,-731.670015E-03
-288.000E-06,+48.122455E-03,-737.718585E-03
-283.000E-06,+47.398847E-03,-737.718585E-03
-278.000E-06,+46.675240E-03,-753.378242E-03
-273.000E-06,+48.241206E-03,-737.718585E-03
-268.000E-06,+48.241206E-03,-717.618083E-03
-263.000E-06,+46.514467E-03,-734.885465E-03
-258.000E-06,+46.671451E-03,-733.315629E-03
-253.000E-06,+47.077302E-03,-726.079553E-03
-248.000E-06,+46.231155E-03,-717.618083E-03
-243.000E-06,+47.640137E-03,-731.707903E-03
-238.000E-06,+47.555831E-03,-730.864840E-03
-233.000E-06,+46.231155E-03,-718.000414E-03
-228.000E-06,+48.241206E-03,-750.200680E-03
-223.000E-06,+46.755757E-03,-717.618083E-03
-218.000E-06,+48.241206E-03,-719.608139E-03
-213.000E-06,+46.231155E-03,-728.492453E-03
-208.000E-06,+46.231155E-03,-737.718585E-03
-203.000E-06,+48.241206E-03,-737.718585E-03
-198.000E-06,+46.231155E-03,-737.718585E-03
-193.000E-06,+48.241206E-03,-737.718585E-03
-188.000E-06,+47.720655E-03,-737.718585E-03
-183.000E-06,+47.475314E-03,-717.618083E-03
-178.000E-06,+46.273440E-03,-737.718585E-03
-173.000E-06,+46.231155E-03,-730.905353E-03
-168.000E-06,+47.636086E-03,-717.618083E-03
-163.000E-06,+46.231155E-03,-737.718585E-03
-158.000E-06,+48.241206E-03,-734.459997E-03
-153.000E-06,+47.796859E-03,-753.375618E-03
-148.000E-06,+47.961945E-03,-737.718585E-03
-143.000E-06,+48.241206E-03,-727.689902E-03
-138.000E-06,+48.241206E-03,-720.453827E-03
-133.000E-06,+46.671188E-03,-737.718585E-03
-128.000E-06,+48.241206E-03,-726.082177E-03
-123.000E-06,+46.353957E-03,-718.846101E-03
-118.000E-06,+48.241206E-03,-723.626140E-03
-113.000E-06,+48.241206E-03,-737.718585E-03
-108.000E-06,+48.203235E-03,-737.718585E-03
-103.000E-06,+46.992734E-03,-730.102802E-03
-98.000E-06,+47.716341E-03,-737.718585E-03
-93.000E-06,+46.429898E-03,-735.731153E-03
-88.000E-06,+47.318855E-03,-737.718585E-03
-83.000E-06,+47.877114E-03,-721.259001E-03
-78.000E-06,+46.231155E-03,-717.618083E-03
-73.000E-06,+46.231155E-03,-728.449316E-03
-68.000E-06,+46.434475E-03,-735.685391E-03
-63.000E-06,+46.751444E-03,-737.718585E-03
-58.000E-06,+46.231155E-03,-730.057041E-03
-53.000E-06,+46.231155E-03,-737.293117E-03
-48.000E-06,+48.241206E-03,-724.428690E-03
-43.000E-06,+46.836537E-03,-731.664766E-03
-38.000E-06,+46.349381E-03,-718.800340E-03
-33.000E-06,+46.231155E-03,-737.718585E-03
-28.000E-06,+46.675765E-03,-737.718585E-03
-23.000E-06,+46.231155E-03,-717.618083E-03
-18.000E-06,+48.241206E-03,-727.692527E-03
-13.000E-06,+46.231155E-03,-737.718585E-03
-8.000E-06,+48.241206E-03,-733.320877E-03
-3.000E-06,+47.394534E-03,-726.084801E-03
+2.000E-06,-48.241206E-03,+309.968820E-03
+7.000E-06,-48.241206E-03,+588.914567E-03
+12.000E-06,-48.241206E-03,+635.974565E-03
+17.000E-06,-46.231155E-03,+629.869736E-03
+22.000E-06,-48.241206E-03,+656.829232E-03
+27.000E-06,-46.756282E-03,+664.065308E-03
+32.000E-06,-48.241206E-03,+669.316576E-03
+37.000E-06,-48.241206E-03,+669.316576E-03
+42.000E-06,-49.886901E-03,+669.316576E-03
+47.000E-06,-49.892002E-03,+682.232013E-03
+52.000E-06,-48.241206E-03,+669.316576E-03
+57.000E-06,-48.241206E-03,+689.417078E-03
+62.000E-06,-47.721180E-03,+674.516834E-03
+67.000E-06,-48.241206E-03,+689.417078E-03
+72.000E-06,-48.241206E-03,+669.744668E-03
+77.000E-06,-48.241206E-03,+689.417078E-03
+82.000E-06,-48.241206E-03,+689.417078E-03
+87.000E-06,-48.359169E-03,+709.517580E-03
+92.000E-06,-48.241206E-03,+677.732284E-03
+97.000E-06,-48.241206E-03,+693.865796E-03
+102.000E-06,-48.241206E-03,+706.730222E-03
+107.000E-06,-48.241206E-03,+699.494147E-03
+112.000E-06,-46.515255E-03,+709.517580E-03
+117.000E-06,-46.670664E-03,+709.517580E-03
+122.000E-06,-48.241206E-03,+712.679396E-03
+127.000E-06,-48.241206E-03,+709.517580E-03
+132.000E-06,-48.241206E-03,+689.417078E-03
+137.000E-06,-48.241206E-03,+702.655963E-03
+142.000E-06,-48.203760E-03,+709.517580E-03
+147.000E-06,-46.992209E-03,+701.907047E-03
+152.000E-06,-48.241206E-03,+689.417078E-03
+157.000E-06,-48.042987E-03,+727.635900E-03
+162.000E-06,-48.241206E-03,+709.517580E-03
+167.000E-06,-48.605822E-03,+713.163748E-03
+172.000E-06,-48.241206E-03,+709.517580E-03
+177.000E-06,-48.241206E-03,+700.243063E-03
+182.000E-06,-48.241206E-03,+709.517580E-03
+187.000E-06,-49.731492E-03,+699.812346E-03
+192.000E-06,-48.241206E-03,+709.517580E-03
+197.000E-06,-48.241206E-03,+709.517580E-03
+202.000E-06,-49.570720E-03,+722.812724E-03
+207.000E-06,-48.241206E-03,+703.458513E-03
+212.000E-06,-48.358906E-03,+690.594087E-03
+217.000E-06,-48.241206E-03,+697.830162E-03
+222.000E-06,-48.241206E-03,+725.166741E-03
+227.000E-06,-48.241206E-03,+709.517580E-03
+232.000E-06,-49.249175E-03,+709.517580E-03
+237.000E-06,-47.956844E-03,+709.517580E-03
+242.000E-06,-48.241206E-03,+709.517580E-03
+247.000E-06,-48.241206E-03,+729.618083E-03
+252.000E-06,-48.241206E-03,+727.146300E-03
+257.000E-06,-48.241206E-03,+709.517580E-03
+262.000E-06,-47.554781E-03,+709.517580E-03
+267.000E-06,-48.241206E-03,+729.618083E-03
+272.000E-06,-48.241206E-03,+722.010173E-03
+277.000E-06,-47.715554E-03,+724.361566E-03
+282.000E-06,-48.241206E-03,+709.517580E-03
+287.000E-06,-48.241206E-03,+700.301946E-03
+292.000E-06,-48.241206E-03,+709.517580E-03
+297.000E-06,-48.241206E-03,+713.104865E-03
+302.000E-06,-48.241206E-03,+718.794723E-03
+307.000E-06,-48.241206E-03,+691.458145E-03
+312.000E-06,-48.241206E-03,+694.612088E-03
+317.000E-06,-49.008147E-03,+709.517580E-03
+322.000E-06,-48.241206E-03,+689.850419E-03
+327.000E-06,-49.570982E-03,+722.815348E-03
+332.000E-06,-48.241206E-03,+723.556391E-03
+337.000E-06,-48.123767E-03,+710.691965E-03
+342.000E-06,-48.241206E-03,+717.928040E-03
+347.000E-06,-47.795809E-03,+729.618083E-03
+352.000E-06,-47.962995E-03,+726.835973E-03
+357.000E-06,-48.241206E-03,+709.517580E-03
+362.000E-06,-48.241206E-03,+709.517580E-03
+367.000E-06,-48.241206E-03,+709.517580E-03
+372.000E-06,-48.241206E-03,+721.143491E-03
+377.000E-06,-48.241206E-03,+728.379567E-03
+382.000E-06,-48.241206E-03,+709.517580E-03
+387.000E-06,-49.564569E-03,+729.618083E-03
+392.000E-06,-48.241206E-03,+709.517580E-03
+397.000E-06,-48.241206E-03,+717.122866E-03
+402.000E-06,-48.241206E-03,+724.358941E-03
+407.000E-06,-48.241206E-03,+709.517580E-03
+412.000E-06,-47.319904E-03,+709.517580E-03
+417.000E-06,-48.241206E-03,+725.966667E-03
+422.000E-06,-48.241206E-03,+709.517580E-03
+427.000E-06,-47.313229E-03,+718.797347E-03
+432.000E-06,-48.241206E-03,+711.561271E-03
+437.000E-06,-48.241206E-03,+704.325195E-03
+442.000E-06,-48.241206E-03,+721.946041E-03
+447.000E-06,-48.241206E-03,+709.517580E-03
+452.000E-06,-48.241206E-03,+722.817972E-03
+457.000E-06,-48.847637E-03,+715.581897E-03
+462.000E-06,-46.348331E-03,+728.446323E-03
+467.000E-06,-48.241206E-03,+717.925416E-03
+472.000E-06,-48.241206E-03,+709.517580E-03
+477.000E-06,-46.231155E-03,+709.517580E-03
+482.000E-06,-49.242762E-03,+719.533141E-03
+487.000E-06,-49.966369E-03,+729.618083E-03
+492.000E-06,-48.241206E-03,+709.517580E-03
+497.000E-06,-48.241206E-03,+709.517580E-03
+502.000E-06,-48.241206E-03,+690.658218E-03
+507.000E-06,-47.641712E-03,+709.517580E-03
+512.000E-06,-48.241206E-03,+709.517580E-03
+517.000E-06,-48.241206E-03,+709.517580E-03
+522.000E-06,-46.991421E-03,+697.019739E-03
+527.000E-06,-48.241206E-03,+699.940609E-03
+532.000E-06,-46.428586E-03,+709.517580E-03
+537.000E-06,-48.241206E-03,+709.517580E-03
+542.000E-06,-48.241206E-03,+709.517580E-03
+547.000E-06,-48.241206E-03,+722.454012E-03
+552.000E-06,-48.241206E-03,+709.517580E-03
+557.000E-06,-48.241206E-03,+729.618083E-03
+562.000E-06,-48.241206E-03,+724.428322E-03
+567.000E-06,-48.241206E-03,+709.517580E-03
+572.000E-06,-48.241206E-03,+709.956170E-03
+577.000E-06,-46.910904E-03,+709.517580E-03
+582.000E-06,-48.241206E-03,+709.517580E-03
+587.000E-06,-48.241206E-03,+728.448947E-03
+592.000E-06,-46.231155E-03,+709.517580E-03
+597.000E-06,-46.677077E-03,+729.618083E-03
+602.000E-06,-48.241206E-03,+726.841222E-03
+607.000E-06,-48.241206E-03,+719.605146E-03
+612.000E-06,-47.956057E-03,+712.369070E-03
+617.000E-06,-48.241206E-03,+709.517580E-03
+622.000E-06,-47.079139E-03,+709.517580E-03
+627.000E-06,-48.241206E-03,+708.273816E-03
+632.000E-06,-46.830386E-03,+729.618083E-03
+637.000E-06,-48.241206E-03,+716.389696E-03
+642.000E-06,-50.214860E-03,+729.254122E-03
+647.000E-06,-49.001209E-03,+717.117617E-03
+652.000E-06,-48.241206E-03,+709.517580E-03
+657.000E-06,-48.241206E-03,+709.517580E-03
+662.000E-06,-48.241206E-03,+709.517580E-03
+667.000E-06,-49.885589E-03,+725.961418E-03
+672.000E-06,-48.241206E-03,+709.517580E-03
+677.000E-06,-48.394253E-03,+720.333068E-03
+682.000E-06,-50.046362E-03,+725.520204E-03
+687.000E-06,-48.241206E-03,+724.430946E-03
+692.000E-06,-49.008935E-03,+709.517580E-03
+697.000E-06,-48.241206E-03,+729.176869E-03
+702.000E-06,-48.241206E-03,+716.028359E-03
+707.000E-06,-46.231155E-03,+695.486643E-03
+712.000E-06,-48.124554E-03,+709.517580E-03
+717.000E-06,-47.400947E-03,+717.920167E-03
+722.000E-06,-47.795022E-03,+713.979420E-03
+727.000E-06,-46.508579E-03,+712.291817E-03
+732.000E-06,-48.241206E-03,+719.607770E-03
+737.000E-06,-49.680433E-03,+723.909854E-03
+742.000E-06,-49.813060E-03,+725.236121E-03
+747.000E-06,-48.241206E-03,+721.135618E-03
+752.000E-06,-48.365844E-03,+728.371694E-03
+757.000E-06,-48.241206E-03,+715.507267E-03
+762.000E-06,-48.241206E-03,+709.517580E-03
+767.000E-06,-48.241206E-03,+709.517580E-03
+772.000E-06,-48.241206E-03,+729.618083E-03
+777.000E-06,-48.767907E-03,+729.618083E-03
+782.000E-06,-48.241206E-03,+725.679960E-03
+787.000E-06,-47.320692E-03,+709.517580E-03
+792.000E-06,-48.241206E-03,+696.735656E-03
+797.000E-06,-48.598884E-03,+726.041296E-03
+802.000E-06,-48.241206E-03,+729.618083E-03
+807.000E-06,-48.241206E-03,+709.517580E-03
+812.000E-06,-48.759657E-03,+724.433571E-03
+817.000E-06,-48.241206E-03,+717.197495E-03
+822.000E-06,-48.196822E-03,+709.517580E-03
+827.000E-06,-48.241206E-03,+722.825845E-03
+832.000E-06,-48.241206E-03,+723.545894E-03
+837.000E-06,-48.241206E-03,+729.618083E-03
+842.000E-06,-48.571263E-03,+709.517580E-03
+847.000E-06,-48.241206E-03,+729.618083E-03
+852.000E-06,-48.241206E-03,+726.846471E-03
+857.000E-06,-48.241206E-03,+719.525268E-03
+862.000E-06,-48.241206E-03,+712.374319E-03
+867.000E-06,-47.803272E-03,+713.896918E-03
+872.000E-06,-46.231155E-03,+729.618083E-03
+877.000E-06,-48.241206E-03,+709.517580E-03
+882.000E-06,-50.251256E-03,+709.517580E-03
+887.000E-06,-48.241206E-03,+703.171806E-03
+892.000E-06,-48.241206E-03,+689.775790E-03
+897.000E-06,-48.241206E-03,+717.112368E-03
+902.000E-06,-48.241206E-03,+709.517580E-03
+907.000E-06,-50.054612E-03,+711.484018E-03
+912.000E-06,-48.241206E-03,+729.618083E-03
+917.000E-06,-46.597347E-03,+716.841407E-03
+922.000E-06,-48.241206E-03,+709.517580E-03
+927.000E-06,-49.322229E-03,+729.618083E-03
+932.000E-06,-48.241206E-03,+709.517580E-03
+937.000E-06,-48.241206E-03,+714.699468E-03
+942.000E-06,-48.241206E-03,+721.935544E-03
+947.000E-06,-48.241206E-03,+689.863541E-03
+952.000E-06,-48.241206E-03,+722.828470E-03
+957.000E-06,-48.241206E-03,+729.618083E-03
+962.000E-06,-46.231155E-03,+728.456820E-03
+967.000E-06,-49.411522E-03,+729.618083E-03
+972.000E-06,-48.241206E-03,+709.517580E-03
+977.000E-06,-48.241206E-03,+729.618083E-03
+982.000E-06,-49.241712E-03,+709.517580E-03
+987.000E-06,-48.241206E-03,+712.376943E-03
+992.000E-06,-48.241206E-03,+709.517580E-03
+997.000E-06,-49.402484E-03,+721.130369E-03
+1.002000E-03,-48.241206E-03,+729.618083E-03
+1.007000E-03,-49.652812E-03,+723.633644E-03
+1.012000E-03,-48.241206E-03,+715.858106E-03
+1.017000E-03,-48.276814E-03,+729.618083E-03
+1.022000E-03,-48.241206E-03,+722.025919E-03
+1.027000E-03,-47.713979E-03,+724.345820E-03
+1.032000E-03,-48.437587E-03,+709.517580E-03
+1.037000E-03,-47.151144E-03,+720.418194E-03
+1.042000E-03,-48.241206E-03,+729.618083E-03
+1.047000E-03,-48.241206E-03,+726.046545E-03
+1.052000E-03,-49.170494E-03,+709.517580E-03
+1.057000E-03,-48.241206E-03,+711.574393E-03
+1.062000E-03,-46.749082E-03,+724.438819E-03
+1.067000E-03,-46.231155E-03,+717.202743E-03
+1.072000E-03,-48.196297E-03,+709.966668E-03
+1.077000E-03,-46.909854E-03,+716.304569E-03
+1.082000E-03,-48.241206E-03,+709.517580E-03
+1.087000E-03,-48.241206E-03,+729.618083E-03
+1.092000E-03,-48.241206E-03,+709.517580E-03
+1.097000E-03,-48.241206E-03,+729.618083E-03
+1.102000E-03,-48.241206E-03,+726.851719E-03
+1.107000E-03,-49.241449E-03,+719.520020E-03
+1.112000E-03,-49.965057E-03,+709.517580E-03
+1.117000E-03,-48.241206E-03,+725.243994E-03
+1.122000E-03,-47.929223E-03,+709.517580E-03
+1.127000E-03,-46.356581E-03,+729.618083E-03
+1.132000E-03,-48.241206E-03,+715.499394E-03
+1.137000E-03,-46.919417E-03,+729.618083E-03
+1.142000E-03,-50.215909E-03,+729.618083E-03
+1.147000E-03,-46.990109E-03,+717.107120E-03
+1.152000E-03,-48.241206E-03,+709.517580E-03
+1.157000E-03,-50.055137E-03,+727.656894E-03
+1.162000E-03,-48.241206E-03,+709.517580E-03
+1.167000E-03,-46.597871E-03,+709.517580E-03
+1.172000E-03,-48.241206E-03,+713.086494E-03
+1.177000E-03,-48.241206E-03,+718.813093E-03
+1.182000E-03,-48.241206E-03,+727.558646E-03
+1.187000E-03,-48.241206E-03,+724.441444E-03
+1.192000E-03,-48.241206E-03,+717.205368E-03
+1.197000E-03,-46.276326E-03,+709.517580E-03
+1.202000E-03,-48.241206E-03,+702.985807E-03
+1.207000E-03,-48.241206E-03,+709.517580E-03
+1.212000E-03,-48.356807E-03,+728.462069E-03
+1.217000E-03,-48.241206E-03,+709.517580E-03
+1.222000E-03,-48.241206E-03,+709.517580E-03
+1.227000E-03,-49.974882E-03,+726.854344E-03
+1.232000E-03,-48.241206E-03,+709.517580E-03
+1.237000E-03,-48.241206E-03,+729.618083E-03
+1.242000E-03,-48.241206E-03,+709.517580E-03
+1.247000E-03,-49.401960E-03,+709.517580E-03
+1.252000E-03,-48.241206E-03,+727.104310E-03
+1.257000E-03,-47.643287E-03,+735.597272E-03
+1.262000E-03,-49.562732E-03,+722.732846E-03
+1.267000E-03,-50.216172E-03,+709.517580E-03
+1.272000E-03,-47.748538E-03,+722.031168E-03
+1.277000E-03,-48.241206E-03,+694.694590E-03
+1.282000E-03,-48.241206E-03,+711.476145E-03
+1.287000E-03,-48.241206E-03,+720.423443E-03
+1.292000E-03,-48.241206E-03,+709.517580E-03
+1.297000E-03,-48.241206E-03,+709.517580E-03
+1.302000E-03,-48.241206E-03,+729.618083E-03
+1.307000E-03,-48.034999E-03,+711.579641E-03
+1.312000E-03,-48.241206E-03,+714.691595E-03
+1.317000E-03,-48.241206E-03,+717.207992E-03
+1.322000E-03,-48.241206E-03,+729.163747E-03
+1.327000E-03,-48.241206E-03,+716.299321E-03
+1.332000E-03,-48.241206E-03,+709.517580E-03
+1.337000E-03,-46.346494E-03,+709.517580E-03
+1.342000E-03,-50.251256E-03,+717.907046E-03
+1.347000E-03,-48.241206E-03,+709.517580E-03
+1.352000E-03,-48.241206E-03,+712.278695E-03
+1.357000E-03,-48.241206E-03,+719.620892E-03
+1.362000E-03,-46.517879E-03,+729.618083E-03
+1.367000E-03,-48.241206E-03,+713.886421E-03
+1.372000E-03,-48.241206E-03,+729.618083E-03
+1.377000E-03,-50.125305E-03,+709.517580E-03
+1.382000E-03,-48.838862E-03,+715.494146E-03
+1.387000E-03,-48.241206E-03,+709.517580E-03
+1.392000E-03,-48.206384E-03,+729.269868E-03
+1.397000E-03,-48.241206E-03,+714.449502E-03
+1.402000E-03,-48.769219E-03,+729.618083E-03
+1.407000E-03,-48.241206E-03,+709.517580E-03
+1.412000E-03,-47.322004E-03,+709.517580E-03
+1.417000E-03,-47.873964E-03,+709.517580E-03
+1.422000E-03,-47.884839E-03,+729.618083E-03
+1.427000E-03,-48.241206E-03,+729.618083E-03
+1.432000E-03,-46.437624E-03,+709.517580E-03
+1.437000E-03,-47.265433E-03,+714.688971E-03
+1.442000E-03,-48.241206E-03,+721.925047E-03
+1.447000E-03,-48.241206E-03,+709.974541E-03
+1.452000E-03,-49.573344E-03,+709.517580E-03
+1.457000E-03,-48.849737E-03,+709.517580E-03
+1.462000E-03,-48.241206E-03,+709.517580E-03
+1.467000E-03,-48.241206E-03,+709.517580E-03
+1.472000E-03,-48.241206E-03,+713.995166E-03
+1.477000E-03,-48.241206E-03,+709.517580E-03
+1.482000E-03,-48.241206E-03,+699.523014E-03
+1.487000E-03,-46.518141E-03,+729.618083E-03
+1.492000E-03,-50.251256E-03,+713.883796E-03
+1.497000E-03,-48.241206E-03,+741.220374E-03
+1.502000E-03,-48.241206E-03,+728.355948E-03
+1.507000E-03,-47.643811E-03,+729.618083E-03
+1.512000E-03,-48.241206E-03,+722.727597E-03
+1.517000E-03,-48.241206E-03,+729.618083E-03
+1.522000E-03,-47.483039E-03,+717.099247E-03
+1.527000E-03,-48.241206E-03,+709.517580E-03
+1.532000E-03,-48.241206E-03,+729.618083E-03
+1.537000E-03,-48.241206E-03,+720.428691E-03
+1.542000E-03,-48.241206E-03,+725.943048E-03
+1.547000E-03,-48.241206E-03,+692.978119E-03
+1.552000E-03,-49.320917E-03,+709.517580E-03
+1.557000E-03,-48.241206E-03,+727.550773E-03
+1.562000E-03,-49.734379E-03,+719.855113E-03
+1.567000E-03,-49.481690E-03,+717.213241E-03
+1.572000E-03,-48.241206E-03,+709.977165E-03
+1.577000E-03,-46.885907E-03,+709.517580E-03
+1.582000E-03,-48.241206E-03,+743.630650E-03
+1.587000E-03,-48.241206E-03,+709.517580E-03
+1.592000E-03,-47.907999E-03,+717.901797E-03
+1.597000E-03,-46.679176E-03,+713.997790E-03
+1.602000E-03,-48.241206E-03,+709.517580E-03
+1.607000E-03,-48.241206E-03,+719.509522E-03
+1.612000E-03,-48.241206E-03,+726.745598E-03
+1.617000E-03,-48.677565E-03,+713.881172E-03
+1.622000E-03,-49.401172E-03,+721.117248E-03
+1.627000E-03,-48.241206E-03,+710.782340E-03
+1.632000E-03,-48.241206E-03,+729.618083E-03
+1.637000E-03,-48.241206E-03,+709.517580E-03
+1.642000E-03,-48.241206E-03,+709.860547E-03
+1.647000E-03,-48.241206E-03,+717.096622E-03
+1.652000E-03,-48.769744E-03,+714.802965E-03
+1.657000E-03,-48.436275E-03,+709.517580E-03
+1.662000E-03,-49.159882E-03,+729.618083E-03
+1.667000E-03,+48.608971E-03,-81.757328E-03
+1.672000E-03,+46.586997E-03,-560.372481E-03
+1.677000E-03,+47.161756E-03,-637.216073E-03
+1.682000E-03,+46.231155E-03,-657.316576E-03
+1.687000E-03,+47.724591E-03,-677.417078E-03
+1.692000E-03,+46.231155E-03,-677.417078E-03
+1.697000E-03,+46.231155E-03,-677.417078E-03
+1.702000E-03,+48.241206E-03,-677.417078E-03
+1.707000E-03,+46.840211E-03,-691.427021E-03
+1.712000E-03,+46.345707E-03,-696.372064E-03
+1.717000E-03,+46.231155E-03,-689.135988E-03
+1.722000E-03,+47.792922E-03,-672.934244E-03
+1.727000E-03,+47.965881E-03,-677.417078E-03
+1.732000E-03,+46.231155E-03,-697.517580E-03
+1.737000E-03,+47.953695E-03,-694.642472E-03
+1.742000E-03,+47.805109E-03,-693.156613E-03
+1.747000E-03,+47.081501E-03,-706.021040E-03
+1.752000E-03,+46.231155E-03,-697.517580E-03
+1.757000E-03,+47.644336E-03,-703.486273E-03
+1.762000E-03,+46.231155E-03,-697.517580E-03
+1.767000E-03,+48.207171E-03,-697.517580E-03
+1.772000E-03,+46.988797E-03,-697.517580E-03
+1.777000E-03,+47.712405E-03,-697.517580E-03
+1.782000E-03,+46.425962E-03,-717.618083E-03
+1.787000E-03,+47.322791E-03,-717.618083E-03
+1.792000E-03,+47.873177E-03,-717.618083E-03
+1.797000E-03,+47.885626E-03,-701.073373E-03
+1.802000E-03,+46.231155E-03,-728.409951E-03
+1.807000E-03,+46.438411E-03,-713.472966E-03
+1.812000E-03,+47.724854E-03,-712.454565E-03
+1.817000E-03,+47.471115E-03,-705.218489E-03
+1.822000E-03,+46.231155E-03,-717.618083E-03
+1.827000E-03,+46.908280E-03,-717.618083E-03
+1.832000E-03,+48.241206E-03,-697.517580E-03
+1.837000E-03,+48.241206E-03,-736.575693E-03
+1.842000E-03,+47.069052E-03,-717.618083E-03
+1.847000E-03,+46.231155E-03,-722.103541E-03
+1.852000E-03,+46.506217E-03,-717.618083E-03
+1.857000E-03,+48.241206E-03,-717.618083E-03
+1.862000E-03,+47.953432E-03,-703.273047E-03
+1.867000E-03,+46.231155E-03,-733.360242E-03
+1.872000E-03,+48.241206E-03,-706.023664E-03
+1.877000E-03,+46.358156E-03,-717.618083E-03
+1.882000E-03,+48.241206E-03,-717.618083E-03
+1.887000E-03,+47.551370E-03,-724.516441E-03
+1.892000E-03,+48.207434E-03,-717.955800E-03
+1.897000E-03,+48.241206E-03,-717.618083E-03
+1.902000E-03,+46.231155E-03,-737.718585E-03
+1.907000E-03,+46.425700E-03,-717.618083E-03
+1.912000E-03,+47.323054E-03,-715.880617E-03
+1.917000E-03,+48.241206E-03,-737.718585E-03
+1.922000E-03,+47.885889E-03,-737.718585E-03
+1.927000E-03,+47.162281E-03,-717.618083E-03
+1.932000E-03,+46.231155E-03,-717.618083E-03
+1.937000E-03,+47.725116E-03,-717.618083E-03
+1.942000E-03,+48.241206E-03,-717.618083E-03
+1.947000E-03,+46.231155E-03,-717.618083E-03
+1.952000E-03,+48.241206E-03,-717.618083E-03
+1.957000E-03,+46.231155E-03,-745.627471E-03
+1.962000E-03,+48.127179E-03,-736.578317E-03
+1.967000E-03,+46.231155E-03,-717.618083E-03
+1.972000E-03,+48.241206E-03,-717.618083E-03
+1.977000E-03,+47.966406E-03,-734.970592E-03
+1.982000E-03,+47.242799E-03,-737.718585E-03
+1.987000E-03,+46.231155E-03,-720.498440E-03
+1.992000E-03,+46.666727E-03,-721.973801E-03
+1.997000E-03,+47.390335E-03,-737.718585E-03
+2.002000E-03,+46.231155E-03,-718.890715E-03
+2.007000E-03,+46.231155E-03,-737.718585E-03
+2.012000E-03,+47.551107E-03,-724.519065E-03
+2.017000E-03,+48.207696E-03,-717.618083E-03
+2.022000E-03,+46.988272E-03,-725.189252E-03
+2.027000E-03,+47.711880E-03,-717.618083E-03
+2.032000E-03,+48.241206E-03,-719.560901E-03
+2.037000E-03,+48.241206E-03,-717.618083E-03
+2.042000E-03,+47.872652E-03,-721.303615E-03
+2.047000E-03,+46.231155E-03,-737.718585E-03
+2.052000E-03,+47.162544E-03,-717.618083E-03
+2.057000E-03,+46.438936E-03,-717.618083E-03
+2.062000E-03,+46.231155E-03,-732.560316E-03
+2.067000E-03,+47.001771E-03,-717.618083E-03
+2.072000E-03,+46.278163E-03,-717.618083E-03
+2.077000E-03,+48.241206E-03,-717.618083E-03
+2.082000E-03,+46.840999E-03,-717.618083E-03
+2.087000E-03,+46.231155E-03,-717.618083E-03
+2.092000E-03,+45.895849E-03,-717.618083E-03
+2.097000E-03,+46.231155E-03,-722.108790E-03
+2.102000E-03,+46.231155E-03,-717.618083E-03
+2.107000E-03,+46.231155E-03,-727.737140E-03
+2.112000E-03,+46.519453E-03,-717.618083E-03
+2.117000E-03,+47.805896E-03,-721.971177E-03
+2.122000E-03,+48.241206E-03,-726.129415E-03
+2.127000E-03,+46.231155E-03,-736.443328E-03
+2.132000E-03,+48.241206E-03,-723.578902E-03
+2.137000E-03,+47.550845E-03,-724.521690E-03
+2.142000E-03,+46.231155E-03,-737.718585E-03
+2.147000E-03,+46.231155E-03,-730.150040E-03
+2.152000E-03,+46.760743E-03,-717.618083E-03
+2.157000E-03,+46.231155E-03,-717.618083E-03
+2.162000E-03,+47.323579E-03,-726.794353E-03
+2.167000E-03,+46.599971E-03,-734.030428E-03
+2.172000E-03,+46.231155E-03,-717.618083E-03
+2.177000E-03,+46.231155E-03,-728.402078E-03
+2.182000E-03,+46.439198E-03,-717.618083E-03
+2.187000E-03,+47.725641E-03,-732.562940E-03
+2.192000E-03,+47.002033E-03,-730.009803E-03
+2.197000E-03,+48.241206E-03,-717.618083E-03
+2.202000E-03,+47.564869E-03,-717.618083E-03
+2.207000E-03,+48.241206E-03,-717.618083E-03
+2.212000E-03,+46.344657E-03,-717.618083E-03
+2.217000E-03,+47.404096E-03,-725.989178E-03
+2.222000E-03,+46.680488E-03,-717.618083E-03
+2.227000E-03,+44.495380E-03,-720.360827E-03
+2.232000E-03,+48.241206E-03,-727.596903E-03
+2.237000E-03,+47.952645E-03,-734.832979E-03
+2.242000E-03,+46.231155E-03,-733.368115E-03
+2.247000E-03,+47.082551E-03,-717.618083E-03
+2.252000E-03,+46.358943E-03,-737.718585E-03
+2.257000E-03,+48.241206E-03,-731.760390E-03
+2.262000E-03,+47.550582E-03,-724.524314E-03
+2.267000E-03,+48.208221E-03,-737.718585E-03
+2.272000E-03,+46.987747E-03,-730.152665E-03
+2.277000E-03,+46.761006E-03,-717.618083E-03
+2.282000E-03,+46.231155E-03,-735.781015E-03
+2.287000E-03,+46.231155E-03,-717.618083E-03
+2.292000E-03,+46.231155E-03,-717.618083E-03
+2.297000E-03,+47.886676E-03,-717.618083E-03
+2.302000E-03,+47.163068E-03,-737.718585E-03
+2.307000E-03,+48.241206E-03,-717.618083E-03
+2.312000E-03,+47.725903E-03,-737.718585E-03
+2.317000E-03,+46.231155E-03,-730.007179E-03
+2.322000E-03,+46.278688E-03,-737.243255E-03
+2.327000E-03,+48.241206E-03,-730.957839E-03
+2.332000E-03,+46.841523E-03,-731.614904E-03
+2.337000E-03,+46.344395E-03,-717.618083E-03
+2.342000E-03,+48.241206E-03,-717.618083E-03
+2.347000E-03,+46.680751E-03,-722.114038E-03
+2.352000E-03,+48.241206E-03,-737.718585E-03
+2.357000E-03,+47.228775E-03,-737.718585E-03
+2.362000E-03,+46.519978E-03,-720.506313E-03
+2.367000E-03,+47.806421E-03,-721.965928E-03
+2.372000E-03,+47.389547E-03,-717.618083E-03
+2.377000E-03,+46.231155E-03,-717.618083E-03
+2.382000E-03,+47.645648E-03,-717.618083E-03
+2.387000E-03,+46.922041E-03,-730.809729E-03
+2.392000E-03,+48.208483E-03,-737.718585E-03
+2.397000E-03,+46.231155E-03,-705.080876E-03
+2.402000E-03,+48.241206E-03,-722.919213E-03
+2.407000E-03,+48.241206E-03,-717.618083E-03
+2.412000E-03,+46.231155E-03,-726.789104E-03
+2.417000E-03,+46.231155E-03,-717.618083E-03
+2.422000E-03,+46.231155E-03,-714.075412E-03
+2.427000E-03,+47.163331E-03,-706.839336E-03
+2.432000E-03,+48.032638E-03,-719.703763E-03
+2.437000E-03,+48.241206E-03,-752.668691E-03
+2.442000E-03,+46.231155E-03,-745.432615E-03
+2.447000E-03,+46.278951E-03,-717.618083E-03
+2.452000E-03,+48.241206E-03,-717.618083E-03
+2.457000E-03,+46.231155E-03,-717.618083E-03
+2.462000E-03,+46.231155E-03,-717.618083E-03
+2.467000E-03,+46.231155E-03,-717.618083E-03
+2.472000E-03,+47.791348E-03,-733.220005E-03
+2.477000E-03,+46.504905E-03,-717.618083E-03
+2.482000E-03,+48.241206E-03,-717.618083E-03
+2.487000E-03,+46.520241E-03,-717.618083E-03
+2.492000E-03,+47.806683E-03,-717.618083E-03
+2.497000E-03,+47.083076E-03,-726.137288E-03
+2.502000E-03,+46.231155E-03,-718.901212E-03
+2.507000E-03,+46.231155E-03,-723.571029E-03
+2.512000E-03,+46.922303E-03,-717.618083E-03
+2.517000E-03,+46.231155E-03,-717.618083E-03
+2.522000E-03,+48.241206E-03,-717.618083E-03
+2.527000E-03,+47.710830E-03,-732.414830E-03
+2.532000E-03,+46.424387E-03,-717.618083E-03
+2.537000E-03,+48.241206E-03,-728.550188E-03
+2.542000E-03,+46.600758E-03,-717.618083E-03
+2.547000E-03,+46.231155E-03,-737.718585E-03
+2.552000E-03,+47.163593E-03,-726.942463E-03
+2.557000E-03,+48.241206E-03,-717.618083E-03
+2.562000E-03,+47.726428E-03,-737.718585E-03
+2.567000E-03,+48.241206E-03,-737.718585E-03
+2.572000E-03,+46.279213E-03,-737.238006E-03
+2.577000E-03,+47.565656E-03,-717.618083E-03
+2.582000E-03,+47.630313E-03,-723.727012E-03
+2.587000E-03,+48.241206E-03,-717.618083E-03
+2.592000E-03,+48.241206E-03,-737.718585E-03
+2.597000E-03,+46.681276E-03,-733.217381E-03
+2.602000E-03,+46.504642E-03,-717.618083E-03
+2.607000E-03,+47.244111E-03,-737.718585E-03
+2.612000E-03,+48.241206E-03,-720.511562E-03
+2.617000E-03,+48.241206E-03,-737.718585E-03
+2.622000E-03,+47.083338E-03,-706.039410E-03
+2.627000E-03,+48.241206E-03,-736.432831E-03
+2.632000E-03,+46.826187E-03,-737.718585E-03
+2.637000E-03,+48.241206E-03,-724.532187E-03
+2.642000E-03,+48.209008E-03,-717.940054E-03
+2.647000E-03,+46.231155E-03,-717.618083E-03
+2.652000E-03,+48.241206E-03,-722.924462E-03
+2.657000E-03,+46.424125E-03,-735.788888E-03
+2.662000E-03,+47.147733E-03,-717.618083E-03
+2.667000E-03,+46.601021E-03,-721.316736E-03
+2.672000E-03,+48.241206E-03,-717.618083E-03
+2.677000E-03,+48.241206E-03,-717.618083E-03
+2.682000E-03,+48.241206E-03,-737.718585E-03
+2.687000E-03,+48.241206E-03,-717.618083E-03
+2.692000E-03,+46.231155E-03,-729.999306E-03
+2.697000E-03,+46.231155E-03,-718.101286E-03
+2.702000E-03,+46.231155E-03,-724.370955E-03
+2.707000E-03,+47.630050E-03,-717.618083E-03
+2.712000E-03,+46.231155E-03,-736.594063E-03
+2.717000E-03,+47.405146E-03,-729.357987E-03
+2.722000E-03,+46.681538E-03,-717.618083E-03
+2.727000E-03,+47.967981E-03,-717.618083E-03
+2.732000E-03,+46.231155E-03,-737.718585E-03
+2.737000E-03,+48.241206E-03,-737.718585E-03
+2.742000E-03,+48.241206E-03,-737.718585E-03
+2.747000E-03,+46.231155E-03,-729.194131E-03
+2.752000E-03,+48.112368E-03,-736.430207E-03
+2.757000E-03,+46.231155E-03,-723.565780E-03
+2.762000E-03,+46.922828E-03,-717.618083E-03
+2.767000E-03,+46.231155E-03,-717.618083E-03
+2.772000E-03,+47.485663E-03,-725.173506E-03
+2.777000E-03,+48.241206E-03,-717.618083E-03
+2.782000E-03,+48.241206E-03,-719.545155E-03
+2.787000E-03,+47.147470E-03,-728.555437E-03
+2.792000E-03,+48.241206E-03,-734.017307E-03
+2.797000E-03,+48.241206E-03,-717.618083E-03
+2.802000E-03,+47.308243E-03,-717.618083E-03
+2.807000E-03,+46.231155E-03,-735.625032E-03
+2.812000E-03,+46.231155E-03,-717.618083E-03
+2.817000E-03,+48.241206E-03,-717.618083E-03
+2.822000E-03,+48.192623E-03,-737.232757E-03
+2.827000E-03,+46.906180E-03,-737.718585E-03
+2.832000E-03,+47.629788E-03,-723.732261E-03
+2.837000E-03,+48.129016E-03,-736.596687E-03
+2.842000E-03,+47.405408E-03,-737.718585E-03
+2.847000E-03,+49.349965E-03,-726.630988E-03
+2.852000E-03,+46.504118E-03,-734.988962E-03
+2.857000E-03,+47.227725E-03,-737.718585E-03
+2.862000E-03,+48.241206E-03,-717.618083E-03
+2.867000E-03,+48.241206E-03,-737.718585E-03
+2.872000E-03,+47.083863E-03,-729.191507E-03
+2.877000E-03,+48.241206E-03,-736.427583E-03
+2.882000E-03,+47.646698E-03,-717.618083E-03
+2.887000E-03,+48.241206E-03,-730.799232E-03
+2.892000E-03,+46.262828E-03,-717.618083E-03
+2.897000E-03,+48.241206E-03,-737.718585E-03
+2.902000E-03,+46.762318E-03,-722.929710E-03
+2.907000E-03,+48.433650E-03,-717.618083E-03
+2.912000E-03,+46.231155E-03,-737.718585E-03
+2.917000E-03,+47.870815E-03,-734.014683E-03
+2.922000E-03,+48.241206E-03,-721.150256E-03
+2.927000E-03,+47.164381E-03,-726.950336E-03
+2.932000E-03,+46.650391E-03,-719.714260E-03
+2.937000E-03,+46.231155E-03,-722.757981E-03
+2.942000E-03,+47.003608E-03,-725.342610E-03
+2.947000E-03,+48.241206E-03,-717.618083E-03
+2.952000E-03,+46.905918E-03,-717.618083E-03
+2.957000E-03,+46.842836E-03,-737.718585E-03
+2.962000E-03,+46.119228E-03,-736.599312E-03
+2.967000E-03,+46.231155E-03,-717.618083E-03
+2.972000E-03,+48.241206E-03,-737.718585E-03
+2.977000E-03,+46.503855E-03,-717.618083E-03
+2.982000E-03,+47.244898E-03,-737.718585E-03
+2.987000E-03,+46.231155E-03,-717.618083E-03
+2.992000E-03,+46.664628E-03,-721.952807E-03
+2.997000E-03,+47.388235E-03,-737.718585E-03
+3.002000E-03,+46.360518E-03,-736.424958E-03
+3.007000E-03,+46.825400E-03,-737.718585E-03
+3.012000E-03,+48.241206E-03,-730.796608E-03
+3.017000E-03,+48.209796E-03,-717.618083E-03
+3.022000E-03,+46.231155E-03,-737.718585E-03
+3.027000E-03,+46.762580E-03,-722.932335E-03
+3.032000E-03,+46.231155E-03,-737.718585E-03
+3.037000E-03,+47.325416E-03,-728.560685E-03
+3.042000E-03,+48.241206E-03,-734.012058E-03
+3.047000E-03,+48.241206E-03,-721.147632E-03
+3.052000E-03,+46.231155E-03,-726.952960E-03
+3.057000E-03,+46.441035E-03,-737.718585E-03
+3.062000E-03,+46.744883E-03,-722.755357E-03
+3.067000E-03,+47.468490E-03,-717.618083E-03
+3.072000E-03,+48.192098E-03,-737.227509E-03
+3.077000E-03,+46.231155E-03,-717.618083E-03
+3.082000E-03,+46.231155E-03,-723.737509E-03
+3.087000E-03,+48.241206E-03,-737.718585E-03
+3.092000E-03,+47.066428E-03,-717.618083E-03
+3.097000E-03,+46.231155E-03,-737.718585E-03
+3.102000E-03,+47.968768E-03,-734.994211E-03
+3.107000E-03,+48.241206E-03,-727.758135E-03
+3.112000E-03,+46.521553E-03,-734.814609E-03
+3.117000E-03,+47.807996E-03,-737.718585E-03
+3.122000E-03,+47.387973E-03,-717.618083E-03
+3.127000E-03,+48.111580E-03,-737.718585E-03
+3.132000E-03,+48.241206E-03,-731.778760E-03
+3.137000E-03,+46.923615E-03,-717.618083E-03
+3.142000E-03,+46.231155E-03,-717.618083E-03
+3.147000E-03,+46.231155E-03,-737.718585E-03
+3.152000E-03,+46.762843E-03,-732.401709E-03
+3.157000E-03,+46.231155E-03,-717.618083E-03
+3.162000E-03,+48.241206E-03,-737.718585E-03
+3.167000E-03,+47.870290E-03,-717.618083E-03
+3.172000E-03,+47.888513E-03,-721.145007E-03
+3.177000E-03,+48.241206E-03,-717.618083E-03
+3.182000E-03,+46.231155E-03,-717.618083E-03
+3.187000E-03,+44.734570E-03,-717.618083E-03
+3.192000E-03,+47.468228E-03,-725.347859E-03
+3.197000E-03,+46.280525E-03,-737.224884E-03
+3.202000E-03,+46.905393E-03,-737.718585E-03
+3.207000E-03,+47.629000E-03,-731.596534E-03
+3.212000E-03,+46.231155E-03,-736.604560E-03
+3.217000E-03,+46.231155E-03,-729.368484E-03
+3.222000E-03,+47.789773E-03,-737.718585E-03
+3.227000E-03,+47.969031E-03,-752.375587E-03
+3.232000E-03,+47.226938E-03,-717.618083E-03
+3.237000E-03,+48.241206E-03,-737.718585E-03
+3.242000E-03,+47.808258E-03,-733.389110E-03
+3.247000E-03,+47.387710E-03,-717.618083E-03
+3.252000E-03,+46.231155E-03,-736.419710E-03
+3.257000E-03,+47.647485E-03,-717.618083E-03
+3.262000E-03,+47.548483E-03,-737.718585E-03
+3.267000E-03,+48.210321E-03,-737.409735E-03
+3.272000E-03,+46.985648E-03,-725.163008E-03
+3.277000E-03,+47.709255E-03,-712.298582E-03
+3.282000E-03,+46.231155E-03,-719.534658E-03
+3.287000E-03,+47.325940E-03,-717.618083E-03
+3.292000E-03,+46.231155E-03,-734.006810E-03
+3.297000E-03,+46.231155E-03,-721.142383E-03
+3.302000E-03,+46.231155E-03,-726.958209E-03
+3.307000E-03,+48.241206E-03,-717.618083E-03
+3.312000E-03,+46.231155E-03,-732.586559E-03
+3.317000E-03,+47.004395E-03,-717.618083E-03
+3.322000E-03,+46.231155E-03,-737.222260E-03
+3.327000E-03,+46.231155E-03,-724.357834E-03
+3.332000E-03,-50.863723E-03,-377.636019E-03
+3.337000E-03,-48.241206E-03,+488.412055E-03
+3.342000E-03,-48.241206E-03,+609.015069E-03
+3.347000E-03,-48.241206E-03,+649.216074E-03
+3.352000E-03,-49.979343E-03,+666.597450E-03
+3.357000E-03,-47.245685E-03,+669.316576E-03
+3.362000E-03,-47.950283E-03,+669.316576E-03
+3.367000E-03,-48.241206E-03,+673.643427E-03
+3.372000E-03,-47.084913E-03,+677.854151E-03
+3.377000E-03,-50.121106E-03,+688.115578E-03
+3.382000E-03,-48.241206E-03,+683.482502E-03
+3.387000E-03,-48.241206E-03,+689.417078E-03
+3.392000E-03,-48.210583E-03,+689.417078E-03
+3.397000E-03,-48.241206E-03,+689.417078E-03
+3.402000E-03,-46.763368E-03,+689.417078E-03
+3.407000E-03,-48.432601E-03,+709.517580E-03
+3.412000E-03,-48.241206E-03,+698.567105E-03
+3.417000E-03,-48.241206E-03,+693.131478E-03
+3.422000E-03,-46.583323E-03,+692.938754E-03
+3.427000E-03,-49.175481E-03,+698.759828E-03
+3.432000E-03,-46.441823E-03,+709.517580E-03
+3.437000E-03,-48.241206E-03,+689.417078E-03
+3.442000E-03,-47.004658E-03,+697.152103E-03
+3.447000E-03,-48.241206E-03,+709.517580E-03
+3.452000E-03,-48.241206E-03,+696.154205E-03
+3.457000E-03,-48.241206E-03,+723.490783E-03
+3.462000E-03,-48.241206E-03,+709.517580E-03
+3.467000E-03,-48.241206E-03,+709.517580E-03
+3.472000E-03,-48.241206E-03,+698.456227E-03
+3.477000E-03,-48.241206E-03,+709.517580E-03
+3.482000E-03,-47.226413E-03,+699.565003E-03
+3.487000E-03,-48.241206E-03,+709.517580E-03
+3.492000E-03,-48.241206E-03,+709.517580E-03
+3.497000E-03,-48.241206E-03,+729.618083E-03
+3.502000E-03,-46.361568E-03,+709.517580E-03
+3.507000E-03,-48.241206E-03,+695.349030E-03
+3.512000E-03,-48.241206E-03,+709.517580E-03
+3.517000E-03,-48.241206E-03,+709.517580E-03
+3.522000E-03,-48.241206E-03,+722.078406E-03
+3.527000E-03,-49.718781E-03,+709.517580E-03
+3.532000E-03,-48.241206E-03,+729.618083E-03
+3.537000E-03,-47.145896E-03,+709.517580E-03
+3.542000E-03,-46.602858E-03,+709.517580E-03
+3.547000E-03,-48.241206E-03,+709.517580E-03
+3.552000E-03,-48.241206E-03,+709.517580E-03
+3.557000E-03,-48.241206E-03,+691.526377E-03
+3.562000E-03,-48.241206E-03,+724.491306E-03
+3.567000E-03,-47.004920E-03,+717.255230E-03
+3.572000E-03,-48.241206E-03,+729.618083E-03
+3.577000E-03,-48.241206E-03,+709.517580E-03
+3.582000E-03,-48.241206E-03,+709.517580E-03
+3.587000E-03,-46.341770E-03,+709.517580E-03
+3.592000E-03,-47.406983E-03,+709.517580E-03
+3.597000E-03,-48.241206E-03,+709.517580E-03
+3.602000E-03,-48.241206E-03,+712.231457E-03
+3.607000E-03,-48.241206E-03,+729.618083E-03
+3.612000E-03,-47.949758E-03,+709.517580E-03
+3.617000E-03,-48.241206E-03,+725.296480E-03
+3.622000E-03,-48.241206E-03,+709.517580E-03
+3.627000E-03,-48.241206E-03,+728.311334E-03
+3.632000E-03,-48.241206E-03,+709.517580E-03
+3.637000E-03,-48.241206E-03,+696.352177E-03
+3.642000E-03,-48.211108E-03,+709.517580E-03
+3.647000E-03,-49.497550E-03,+717.054633E-03
+3.652000E-03,-48.241206E-03,+709.517580E-03
+3.657000E-03,-50.060386E-03,+709.517580E-03
+3.662000E-03,-48.241206E-03,+729.618083E-03
+3.667000E-03,-48.613170E-03,+725.898434E-03
+3.672000E-03,-48.241206E-03,+709.517580E-03
+3.677000E-03,-50.251256E-03,+698.765077E-03
+3.682000E-03,-48.241206E-03,+727.506160E-03
+3.687000E-03,-48.753621E-03,+704.393428E-03
+3.692000E-03,-48.241206E-03,+717.257854E-03
+3.697000E-03,-46.281575E-03,+729.618083E-03
+3.702000E-03,-47.577531E-03,+729.618083E-03
+3.707000E-03,-47.627951E-03,+709.517580E-03
+3.712000E-03,-48.241206E-03,+709.517580E-03
+3.717000E-03,-49.075166E-03,+709.517580E-03
+3.722000E-03,-48.241206E-03,+714.042404E-03
+3.727000E-03,-48.241206E-03,+709.517580E-03
+3.732000E-03,-49.235938E-03,+729.618083E-03
+3.737000E-03,-48.241206E-03,+726.700985E-03
+3.742000E-03,-46.663053E-03,+713.836558E-03
+3.747000E-03,-48.241206E-03,+709.517580E-03
+3.752000E-03,-48.241206E-03,+729.618083E-03
+3.757000E-03,-46.231155E-03,+709.517580E-03
+3.762000E-03,-48.241206E-03,+716.455304E-03
+3.767000E-03,-48.241206E-03,+709.517580E-03
+3.772000E-03,-48.241206E-03,+717.052009E-03
+3.777000E-03,-48.774205E-03,+720.177576E-03
+3.782000E-03,-48.241206E-03,+709.517580E-03
+3.787000E-03,-49.155421E-03,+718.659734E-03
+3.792000E-03,-46.603383E-03,+725.895810E-03
+3.797000E-03,-49.899875E-03,+709.517580E-03
+3.802000E-03,-47.166218E-03,+729.618083E-03
+3.807000E-03,-48.029751E-03,+709.517580E-03
+3.812000E-03,-49.226950E-03,+709.517580E-03
+3.817000E-03,-48.241206E-03,+709.517580E-03
+3.822000E-03,-48.241206E-03,+729.618083E-03
+3.827000E-03,-48.241206E-03,+709.517580E-03
+3.832000E-03,-47.627688E-03,+723.482910E-03
+3.837000E-03,-48.131115E-03,+728.517180E-03
+3.842000E-03,-48.241206E-03,+709.517580E-03
+3.847000E-03,-48.241206E-03,+709.517580E-03
+3.852000E-03,-48.241206E-03,+712.226209E-03
+3.857000E-03,-48.241206E-03,+719.673379E-03
+3.862000E-03,-48.241206E-03,+712.437303E-03
+3.867000E-03,-46.662791E-03,+709.517580E-03
+3.872000E-03,-48.241206E-03,+718.065653E-03
+3.877000E-03,-48.241206E-03,+728.306086E-03
+3.882000E-03,-48.241206E-03,+729.618083E-03
+3.887000E-03,-48.241206E-03,+716.457928E-03
+3.892000E-03,-48.241206E-03,+749.422857E-03
+3.897000E-03,-48.241206E-03,+709.517580E-03
+3.902000E-03,-48.241206E-03,+714.850203E-03
+3.907000E-03,-48.241206E-03,+727.714629E-03
+3.912000E-03,-48.241206E-03,+709.517580E-03
+3.917000E-03,-48.241206E-03,+725.893186E-03
+3.922000E-03,-48.241206E-03,+709.517580E-03
+3.927000E-03,-47.305881E-03,+718.870828E-03
+3.932000E-03,-48.241206E-03,+709.517580E-03
+3.937000E-03,-48.241206E-03,+714.636485E-03
+3.942000E-03,-47.466653E-03,+721.872560E-03
+3.947000E-03,-48.241206E-03,+709.517580E-03
+3.952000E-03,-48.241206E-03,+722.891453E-03
+3.957000E-03,-48.241206E-03,+729.618083E-03
+3.962000E-03,-48.241206E-03,+729.618083E-03
+3.967000E-03,-48.241206E-03,+709.517580E-03
+3.972000E-03,-48.241206E-03,+729.618083E-03
+3.977000E-03,-47.970605E-03,+726.912079E-03
+3.982000E-03,-49.235414E-03,+729.618083E-03
+3.987000E-03,-46.815625E-03,+726.695736E-03
+3.992000E-03,-49.388510E-03,+729.618083E-03
+3.997000E-03,-47.386136E-03,+721.067386E-03
+4.002000E-03,-48.241206E-03,+710.832202E-03
+4.007000E-03,-48.241206E-03,+709.517580E-03
+4.012000E-03,-48.241206E-03,+716.460552E-03
+4.017000E-03,-48.241206E-03,+709.810684E-03
+4.022000E-03,-47.488288E-03,+717.046760E-03
+4.027000E-03,-46.231155E-03,+709.517580E-03
+4.032000E-03,-48.241206E-03,+709.517580E-03
+4.037000E-03,-48.241206E-03,+729.618083E-03
+4.042000E-03,-48.241206E-03,+725.890561E-03
+4.047000E-03,-49.900400E-03,+729.618083E-03
+4.052000E-03,-49.176793E-03,+709.517580E-03
+4.057000E-03,-50.039276E-03,+709.517580E-03
+4.062000E-03,-48.241206E-03,+729.618083E-03
+4.067000E-03,-47.005970E-03,+729.618083E-03
+4.072000E-03,-50.200049E-03,+729.618083E-03
+4.077000E-03,-48.241206E-03,+716.241586E-03
+4.082000E-03,-48.241206E-03,+729.618083E-03
+4.087000E-03,-48.241206E-03,+728.522428E-03
+4.092000E-03,-48.241206E-03,+717.849311E-03
+4.097000E-03,-48.694475E-03,+725.085387E-03
+4.102000E-03,-46.501493E-03,+729.618083E-03
+4.107000E-03,-47.225101E-03,+719.457036E-03
+4.112000E-03,-48.241206E-03,+709.517580E-03
+4.117000E-03,-48.241206E-03,+713.828685E-03
+4.122000E-03,-48.241206E-03,+718.070902E-03
+4.127000E-03,-46.362880E-03,+709.517580E-03
+4.132000E-03,-48.241206E-03,+709.517580E-03
+4.137000E-03,-48.241206E-03,+703.308271E-03
+4.142000E-03,-48.241206E-03,+709.227101E-03
+4.147000E-03,-48.241206E-03,+709.517580E-03
+4.152000E-03,-49.717469E-03,+739.042843E-03
+4.157000E-03,-48.241206E-03,+727.719878E-03
+4.162000E-03,-47.327777E-03,+720.483802E-03
+4.167000E-03,-48.241206E-03,+709.517580E-03
+4.172000E-03,-48.241206E-03,+713.023511E-03
+4.177000E-03,-49.177055E-03,+720.259587E-03
+4.182000E-03,-48.241206E-03,+709.517580E-03
+4.187000E-03,-48.241206E-03,+724.504427E-03
+4.192000E-03,-46.231155E-03,+717.268351E-03
+4.197000E-03,-48.189736E-03,+729.618083E-03
+4.202000E-03,-49.579118E-03,+696.138459E-03
+4.207000E-03,-48.241206E-03,+709.517580E-03
+4.212000E-03,-46.340458E-03,+709.517580E-03
+4.217000E-03,-47.064066E-03,+709.517580E-03
+4.222000E-03,-48.241206E-03,+725.082762E-03
+4.227000E-03,-48.511281E-03,+729.618083E-03
+4.232000E-03,-48.241206E-03,+709.517580E-03
+4.237000E-03,-48.241206E-03,+709.517580E-03
+4.242000E-03,-47.810357E-03,+729.618083E-03
+4.247000E-03,-48.241206E-03,+729.618083E-03
+4.252000E-03,-48.241206E-03,+728.298213E-03
+4.257000E-03,-48.241206E-03,+695.333284E-03
+4.262000E-03,-48.241206E-03,+729.618083E-03
+4.267000E-03,-48.241206E-03,+709.517580E-03
+4.272000E-03,-48.241206E-03,+717.041512E-03
+4.277000E-03,-47.707156E-03,+729.618083E-03
+4.282000E-03,-48.051647E-03,+709.517580E-03
+4.287000E-03,-47.144321E-03,+729.618083E-03
+4.292000E-03,-48.241206E-03,+709.517580E-03
+4.297000E-03,-48.241206E-03,+713.020886E-03
+4.302000E-03,-47.305093E-03,+718.878701E-03
+4.307000E-03,-48.241206E-03,+729.618083E-03
+4.312000E-03,-48.241206E-03,+729.618083E-03
+4.317000E-03,-48.241206E-03,+721.864687E-03
+4.322000E-03,-48.292937E-03,+729.100763E-03
+4.327000E-03,-48.241206E-03,+709.517580E-03
+4.332000E-03,-48.241206E-03,+701.708418E-03
+4.337000E-03,-48.241206E-03,+710.607986E-03
+4.342000E-03,-48.241206E-03,+729.618083E-03
+4.347000E-03,-48.241206E-03,+729.618083E-03
+4.352000E-03,-48.241206E-03,+747.020454E-03
+4.357000E-03,-47.247785E-03,+719.451787E-03
+4.362000E-03,-48.241206E-03,+712.447800E-03
+4.367000E-03,-48.241206E-03,+713.823437E-03
+4.372000E-03,-48.241206E-03,+721.059513E-03
+4.377000E-03,-50.119006E-03,+728.295589E-03
+4.382000E-03,-46.231155E-03,+709.517580E-03
+4.387000E-03,-48.241206E-03,+716.468425E-03
+4.392000E-03,-48.241206E-03,+729.618083E-03
+4.397000E-03,-48.241206E-03,+709.517580E-03
+4.402000E-03,-48.241206E-03,+729.618083E-03
+4.407000E-03,-48.241206E-03,+729.618083E-03
+4.412000E-03,-47.328302E-03,+729.618083E-03
+4.417000E-03,-48.614745E-03,+709.517580E-03
+4.422000E-03,-47.891137E-03,+709.517580E-03
+4.427000E-03,-48.241206E-03,+729.618083E-03
+4.432000E-03,-48.241206E-03,+727.490414E-03
+4.437000E-03,-48.752046E-03,+709.517580E-03
+4.442000E-03,-47.782359E-03,+729.618083E-03
+4.447000E-03,-48.241206E-03,+709.517580E-03
+4.452000E-03,-47.569592E-03,+716.233713E-03
+4.457000E-03,-48.241206E-03,+723.469788E-03
+4.462000E-03,-50.142478E-03,+709.517580E-03
+4.467000E-03,-48.241206E-03,+729.618083E-03
+4.472000E-03,-48.241206E-03,+709.517580E-03
+4.477000E-03,-48.241206E-03,+709.517580E-03
+4.482000E-03,-48.241206E-03,+719.686500E-03
+4.487000E-03,-48.241206E-03,+709.517580E-03
+4.492000E-03,-48.671529E-03,+713.820812E-03
+4.497000E-03,-48.241206E-03,+721.056888E-03
+4.502000E-03,-48.241206E-03,+709.517580E-03
+4.507000E-03,-49.660160E-03,+723.707125E-03
+4.512000E-03,-48.241206E-03,+722.664614E-03
+4.517000E-03,-50.222995E-03,+709.517580E-03
+4.522000E-03,-48.241206E-03,+709.517580E-03
+4.527000E-03,-48.241206E-03,+714.863324E-03
+4.532000E-03,-46.420188E-03,+729.618083E-03
+4.537000E-03,-49.338615E-03,+709.517580E-03
+4.542000E-03,-49.877454E-03,+709.517580E-03
+4.547000E-03,-49.901450E-03,+729.618083E-03
+4.552000E-03,-47.304569E-03,+720.251714E-03
+4.557000E-03,-48.028176E-03,+727.487789E-03
+4.562000E-03,-48.241206E-03,+729.618083E-03
+4.567000E-03,-48.241206E-03,+729.618083E-03
+4.572000E-03,-48.241206E-03,+709.517580E-03
+4.577000E-03,-48.241206E-03,+709.517580E-03
+4.582000E-03,-49.636164E-03,+715.668499E-03
+4.587000E-03,-48.241206E-03,+710.602738E-03
+4.592000E-03,-49.419132E-03,+717.838813E-03
+4.597000E-03,-46.685475E-03,+729.618083E-03
+4.602000E-03,-48.241206E-03,+729.618083E-03
+4.607000E-03,-48.241206E-03,+699.588622E-03
+4.612000E-03,-46.524702E-03,+709.517580E-03
+4.617000E-03,-48.241206E-03,+709.517580E-03
+4.622000E-03,-49.097587E-03,+729.618083E-03
+4.627000E-03,-48.241206E-03,+710.845323E-03
+4.632000E-03,-48.832039E-03,+723.709750E-03
+4.637000E-03,-48.241206E-03,+716.473674E-03
+4.642000E-03,-48.241206E-03,+729.618083E-03
+4.647000E-03,-48.241206E-03,+729.618083E-03
+4.652000E-03,-48.241206E-03,+694.765446E-03
+4.657000E-03,-48.429976E-03,+709.517580E-03
+4.662000E-03,-47.328827E-03,+729.618083E-03
+4.667000E-03,-47.867141E-03,+729.618083E-03
+4.672000E-03,-48.241206E-03,+729.618083E-03
+4.677000E-03,-48.377457E-03,+729.618083E-03
+4.682000E-03,-48.454497E-03,+727.485165E-03
+4.687000E-03,-47.251787E-03,+729.618083E-03
+4.692000E-03,-48.241206E-03,+729.618083E-03
+4.697000E-03,-48.293725E-03,+729.618083E-03
+4.702000E-03,-48.241206E-03,+722.907199E-03
+4.707000E-03,-48.241206E-03,+715.671123E-03
+4.712000E-03,-48.241206E-03,+709.517580E-03
+4.717000E-03,-49.419395E-03,+741.399976E-03
+4.722000E-03,-48.241206E-03,+709.517580E-03
+4.727000E-03,-48.241206E-03,+729.618083E-03
+4.732000E-03,-49.233839E-03,+719.443914E-03
+4.737000E-03,-49.663637E-03,+709.517580E-03
+4.742000E-03,-48.241206E-03,+709.517580E-03
+4.747000E-03,-48.241206E-03,+709.517580E-03
+4.752000E-03,-48.241206E-03,+749.718585E-03
+4.757000E-03,-48.241206E-03,+695.322787E-03
+4.762000E-03,-48.937077E-03,+729.618083E-03
+4.767000E-03,-48.241206E-03,+729.618083E-03
+4.772000E-03,-48.241206E-03,+709.517580E-03
+4.777000E-03,-46.766255E-03,+724.267090E-03
+4.782000E-03,-46.608172E-03,+711.402664E-03
+4.787000E-03,-47.143271E-03,+720.496924E-03
+4.792000E-03,-47.866879E-03,+729.618083E-03
+4.797000E-03,-46.580436E-03,+713.010389E-03
+4.802000E-03,-48.241206E-03,+718.889198E-03
+4.807000E-03,-48.241206E-03,+727.482541E-03
+4.812000E-03,-46.741209E-03,+714.618114E-03
+4.817000E-03,-47.007545E-03,+709.517580E-03
+4.822000E-03,-48.241206E-03,+709.517580E-03
+4.827000E-03,-47.572807E-03,+722.909824E-03
+4.832000E-03,-49.635639E-03,+731.250083E-03
+4.837000E-03,-48.241206E-03,+689.417078E-03
+4.842000E-03,-48.241206E-03,+729.618083E-03
+4.847000E-03,-48.241206E-03,+714.066023E-03
+4.852000E-03,-48.241206E-03,+747.030951E-03
+4.857000E-03,-48.241206E-03,+729.618083E-03
+4.862000E-03,-48.241206E-03,+726.677366E-03
+4.867000E-03,-48.241206E-03,+725.322724E-03
+4.872000E-03,-48.241206E-03,+718.086648E-03
+4.877000E-03,-48.374505E-03,+709.517580E-03
+4.882000E-03,-48.241206E-03,+709.517580E-03
+4.887000E-03,-50.251256E-03,+722.656741E-03
+4.892000E-03,-48.241206E-03,+729.618083E-03
+4.897000E-03,-48.241206E-03,+709.517580E-03
+4.902000E-03,-46.766517E-03,+714.871197E-03
+4.907000E-03,-48.241206E-03,+709.517580E-03
+4.912000E-03,-48.054862E-03,+729.618083E-03
+4.917000E-03,-48.615795E-03,+713.263472E-03
+4.922000E-03,-48.241206E-03,+726.127898E-03
+4.927000E-03,-48.241206E-03,+729.618083E-03
+4.932000E-03,-48.455022E-03,+709.517580E-03
+4.937000E-03,-48.241206E-03,+709.517580E-03
+4.942000E-03,-48.241206E-03,+721.851566E-03
+4.947000E-03,-48.241206E-03,+729.618083E-03
+4.952000E-03,-48.241206E-03,+722.912448E-03
+4.957000E-03,-48.241206E-03,+715.676372E-03
+4.962000E-03,-48.348934E-03,+729.618083E-03
+4.967000E-03,-48.241206E-03,+729.618083E-03
+4.972000E-03,-48.241206E-03,+729.618083E-03
+4.977000E-03,-48.241206E-03,+726.933073E-03
+4.982000E-03,-49.233314E-03,+729.618083E-03
+4.987000E-03,-47.946871E-03,+709.517580E-03
+4.992000E-03,-48.241206E-03,+725.325348E-03
+4.997000E-03,-48.241206E-03,+709.517580E-03
